tRF ID, Organism, Type, tRNA Gene Co-ordinates, tRNA Name, Experiment Info (Experiment-Abundance-Source), tRNA Sequence, tRF Map Positions, tRF Sequence
1001, human, trf-1, chr10-69524261-69524342, chr10.trna2-SerTGA, GSM380324-7888-Germinal-center-Normal-B-cell;GSM380323-2616-Naive-Normal-B-cell;GSM380325-3453-Plasma-Normal-B-cell;GSM380327-2529-Naive-Normal-B-cell;GSM380328-3558-GC40-Germinal-Center-Normal-B-cell;GSM497068-15922-L1236-Germinal-Center-Malignant-B-cell;GSM380328-3558-Germinal-center-Normal-B-cell;GSM380329-667-PC44-Plasma-cell-Normal-B-cell;GSM380329-667-Plasma-Normal-B-cell;GSM416733-425-HEK293;GSM416753-105-HeLa;GSM416754-92-U2OS;GSM416755-128-143B;GSM416756-82-A549;GSM416757-292-H520;GSM416758-131-SW480;GSM416759-136-DLD2;GSM416760-48-MCF7;GSM416761-2-MB-MDA231;GSM497058-48484-Germinal-center-Malignant-B-cell;GSM497061-7511-Naive-Malignant-B-cell;GSM497062-4268-Naive-Malignant-B-cell;GSM497063-37227-U266-Malignant-Plasma-cell-B-cell;GSM497063-37227-Plasma-Malignant-B-cell;GSM497067-14901-Plasma-Malignant-B-cell;GSM497068-15922-Germinal-center-Malignant-B-cell;GSM497069-13518-Germinal-center-Malignant-B-cell;GSM497076-17405-Plasma-Malignant-B-cell;SRR207111-11400-HeLa-WholeCell;SRR207113-0-HeLa-WholeCell-AGO12IP;SRR207116-24-HeLa-Nucleus;, 5' AGCGATGGCCGAGTGGTTAAGGCGTTGGACTTGAAATCCAATGGGGTCTCCCCGCGCAGGTTCGAACCCTGCTCGCTGCGGAAGCGGGTGCTCTTATTTT 3', Start:81 - End:100, GAAGCGGGTGCTCTTATTTT 
1001, mouse, trf-1, chr10-62892305-62892224, chr10.trna1095-SerTGA, GSM314552-7-Mouse-Embryonic-Stem-cell;GSM314553-3-Mouse-Embryonic-Stem-cell-dcr--;GSM314557-5-Mouse-Embryonic-Stem-cell-dgcr8--;GSM416611-3-NIH3T3;GSM416732-5-MEF;GSM510432-0-GSM510432toGSM510435-Mouse-ovary;GSM51043-0-GSM51043toGSM510439-Mouse-testes;GSM510440-0-GSM510440toGSM510444-Mouse-brain;GSM510445-11-GSM510445toGSM510456_Mouse-Newborn;GSM510457-3-GSM510457toGSM510460_Mouse-Embryo-12.5days;GSM510461-5-GSM510461toGSM510464_Mouse-Embryo-9.5days;GSM510465-4-GSM510465toGSM510468_Mouse-Embryo-7.5days;GSM849855-0-NIH3T3-withoutAGO2IP;GSM849857-0-NIH3T3-AGO2IP;, 5' GGGGATGTAGCTCAGTGGTAGAGCGCGCGCTTCGCATGTGTGAGGTCCCGGGTTCAATCCCCGGCATCTCCAGAAGCGGGTGCTTCACTTTT 3', Start:73 - End:92, GAAGCGGGTGCTTCACTTTT 
1001, drosophila, trf-1, chr2R-20964288-20964359, chr2R.trna51-AlaCGC, SRR029030-0-dcr-2.knockdown;SRR029029-3-dcr-1.knockdown;SRR029028-4-WT;GSM466496-10-r2d2--mutant;GSM466492-13-dcr-2--mutant;GSM466487-11-WT;, 5' GGGGACGTAGCTCAGTGGTAGAGCGCTCGCTTCGCATGTGAGAAGTCCCGGGTTCAAACCCCGGCGTCTCCAAAAGTAAAATTTGTTTT 3', Start:73 - End:89, AAAGTAAAATTTGTTTT 
1001, s.pombe, trf-1, chrIII-2139478-2139408, chrIII.trna27-AspGTC, GSM757897-190-dcr1Delta2-mutation;GSM757896-31-dcr1-SHSS-mutation;GSM757895-42-dcr1Deltaloop2-mutation;GSM757894-238-Wild-type;, 5' TCTCCTTTAGTATAGGGGTAGTACACAAGCCTGTCACGCTTGCAGCCCGGGTTCGAATCCCGGAGGGAGAGAATATAGCTGTGAATTTT 3', Start:72 - End:89, AATATAGCTGTGAATTTT 
1001, Xenopus-tropicalis, trf-1, GL183410-5630-5559, GL183410.trna7-GlnCTG, GSM946001-14-Gastrula.VegetalPole;GSM946000-30-Gastrula.AnimalPole;GSM945999-4-Stage18.neurula;GSM945998-1-Stage10.gastrula;GSM945997-0-Stage8.blastula;, 5' GGTTCCATGGTGTAATGGTTAGCACTCTGGACTCTGAATCCAGCGATCCGAGTTCAAATCTCGGTGGAACCTGGGATGGCTTTTA 3', Start:73 - End:85, GGGATGGCTTTTA 
1001, Zebra_fish_Zv9, trf-1, chr16-29817083-29817011, chr16.trna297-ThrTGT, GSM686381-1-256-cell;GSM686382-6-Sphere1;GSM686383-1-Sphere2;GSM686384-42-Shield;GSM686385-16-1dpf;, 5' GGCTCCATAGCTCAGTGGTTAGAGCACTGGTCTTGTAAACCAGGGGTCGTGAGTTCAATCCTCACTGGGGCCTGAAGAACATGGTCAAATTGCTTT 3', Start:74 - End:96, GAAGAACATGGTCAAATTGCTTT 
1002, mouse, trf-1, chr10-79711904-79711977, chr10.trna381-AsnGTT, GSM314552-109-Mouse-Embryonic-Stem-cell;GSM314553-73-Mouse-Embryonic-Stem-cell-dcr--;GSM314557-62-Mouse-Embryonic-Stem-cell-dgcr8--;GSM416611-103-NIH3T3;GSM416732-109-MEF;GSM510432-0-GSM510432toGSM510435-Mouse-ovary;GSM51043-0-GSM51043toGSM510439-Mouse-testes;GSM510440-0-GSM510440toGSM510444-Mouse-brain;GSM510445-1-GSM510445toGSM510456_Mouse-Newborn;GSM510457-2-GSM510457toGSM510460_Mouse-Embryo-12.5days;GSM510461-1-GSM510461toGSM510464_Mouse-Embryo-9.5days;GSM510465-2-GSM510465toGSM510468_Mouse-Embryo-7.5days;GSM849855-0-NIH3T3-withoutAGO2IP;GSM849857-0-NIH3T3-AGO2IP;, 5' GGGGATGTAGCTCAGTGGTAGAGCGCATGCTTTGCATGTATGAGGCCCCGGGTTCGATCCCCGGCATCTCCAACCACAGCGACTTTT 3', Start:73 - End:87, ACCACAGCGACTTTT 
1002, drosophila, trf-1, chr3R-1213950-1214022, chr3R.trna1-ArgTCG, SRR029030-0-dcr-2.knockdown;SRR029029-3-dcr-1.knockdown;SRR029028-4-WT;GSM466496-10-r2d2--mutant;GSM466492-13-dcr-2--mutant;GSM466487-11-WT;, 5' GACCGTGTGGCCTAAAGGATAAGGCGTCGGACTTCGAATCCGAAGATTGCAGGTTCGAGTCCTGTCACGGTCGAAGAGAAAAGAACTTTT 3', Start:74 - End:90, AAGAGAAAAGAACTTTT 
1002, s.pombe, trf-1, chrIII-2075062-2074991, chrIII.trna28-GlnTTG, GSM757897-4-dcr1Delta2-mutation;GSM757896-1-dcr1-SHSS-mutation;GSM757895-2-dcr1Deltaloop2-mutation;GSM757894-10-Wild-type;, 5' GGTTGTATGGTGTAGCGGTTAGCACGCGAGATTTTGATTCTCGAGATCTGGGTTCGACTCCCAGTACGACCTGTTTAATATTTGCTTTT 3', Start:73 - End:89, GTTTAATATTTGCTTTT 
1002, Xenopus-tropicalis, trf-1, GL173593-84174-84102, GL173593.trna134-AlaAGC, GSM946001-713-Gastrula.VegetalPole;GSM946000-1355-Gastrula.AnimalPole;GSM945999-351-Stage18.neurula;GSM945998-50-Stage10.gastrula;GSM945997-5-Stage8.blastula;, 5' GGGGGATTAGCTCAAATGGTAGAGCGCTCGCTTAGCATGCGAGAGGTAGCGGGATCGATGCCCGCATCCTCCAGAGGCGGCTCTTTT 3', Start:74 - End:87, GAGGCGGCTCTTTT 
1002, Zebra_fish_Zv9, trf-1, chr16-29811259-29811187, chr16.trna302-ThrTGT, GSM686381-7-256-cell;GSM686382-6-Sphere1;GSM686383-2-Sphere2;GSM686384-39-Shield;GSM686385-17-1dpf;, 5' GGCTCCATAGCTCAGTGGTTAGAGCACTGGTCTTGTAAACCAGGGGTCGCGAGTTCGATCCTCGCTGGGGCCTGCAGGAAACTTCGAAGATACTTT 3', Start:74 - End:96, GCAGGAAACTTCGAAGATACTTT 
1003, human, trf-1, chr17-8090184-8090265, chr17.trna7-SerGCT, GSM380324-2-Germinal-center-Normal-B-cell;GSM380323-3-Naive-Normal-B-cell;GSM380325-4-Plasma-Normal-B-cell;GSM380327-0-Naive-Normal-B-cell;GSM380328-12-GC40-Germinal-Center-Normal-B-cell;GSM497068-0-L1236-Germinal-Center-Malignant-B-cell;GSM380328-12-Germinal-center-Normal-B-cell;GSM380329-7-PC44-Plasma-cell-Normal-B-cell;GSM380329-7-Plasma-Normal-B-cell;GSM416733-662-HEK293;GSM416753-207-HeLa;GSM416754-5-U2OS;GSM416755-116-143B;GSM416756-213-A549;GSM416757-249-H520;GSM416758-67-SW480;GSM416759-134-DLD2;GSM416760-9-MCF7;GSM416761-194-MB-MDA231;GSM497058-321-Germinal-center-Malignant-B-cell;GSM497061-18-Naive-Malignant-B-cell;GSM497062-26-Naive-Malignant-B-cell;GSM497063-5-U266-Malignant-Plasma-cell-B-cell;GSM497063-5-Plasma-Malignant-B-cell;GSM497067-175-Plasma-Malignant-B-cell;GSM497068-0-Germinal-center-Malignant-B-cell;GSM497069-232-Germinal-center-Malignant-B-cell;GSM497076-23-Plasma-Malignant-B-cell;SRR207111-223-HeLa-WholeCell;SRR207113-0-HeLa-WholeCell-AGO12IP;SRR207116-12-HeLa-Nucleus;, 5' GACGAGGTGGCCGAGTGGTTAAGGCGATGGACTGCTAATCCATTGTGCTCTGCACGCGTGGGTTCGAATCCCATCCTCGTCGGCTAAGGAAGTCCTGTGCTCAGTTTT 3', Start:83 - End:108, GCTAAGGAAGTCCTGTGCTCAGTTTT 
1003, mouse, trf-1, chr11-68876625-68876544, chr11.trna1821-SerGCT, GSM314552-0-Mouse-Embryonic-Stem-cell;GSM314553-0-Mouse-Embryonic-Stem-cell-dcr--;GSM314557-0-Mouse-Embryonic-Stem-cell-dgcr8--;GSM416611-3-NIH3T3;GSM416732-4-MEF;GSM510432-0-GSM510432toGSM510435-Mouse-ovary;GSM51043-0-GSM51043toGSM510439-Mouse-testes;GSM510440-0-GSM510440toGSM510444-Mouse-brain;GSM510445-0-GSM510445toGSM510456_Mouse-Newborn;GSM510457-0-GSM510457toGSM510460_Mouse-Embryo-12.5days;GSM510461-0-GSM510461toGSM510464_Mouse-Embryo-9.5days;GSM510465-0-GSM510465toGSM510468_Mouse-Embryo-7.5days;GSM849855-0-NIH3T3-withoutAGO2IP;GSM849857-0-NIH3T3-AGO2IP;, 5' GGCCGCGTGGCCTAATGGATAAGGCGTCTGATTCCGGATCAGAAGATTGGGGGTTCGAGTCCCTTCGTGGTCGTCTGTAGCTTATAAGGTCTACATTCAGTTTT 3', Start:74 - End:104, TCTGTAGCTTATAAGGTCTACATTCAGTTTT 
1003, drosophila, trf-1, chr3L-1401440-1401511, chr3L.trna10-GluCTC, SRR029030-10-dcr-2.knockdown;SRR029029-18-dcr-1.knockdown;SRR029028-15-WT;GSM466496-25-r2d2--mutant;GSM466492-6-dcr-2--mutant;GSM466487-14-WT;, 5' TCCCATATTGTCTAGTGGTTAGGATATCCGGCTCTCACCCGGAAGGCCCGGGTTCAATTCCCGGTATGGGAAAAGATGATTATCTATTTT 3', Start:73 - End:90, AAGATGATTATCTATTTT 
1003, s.pombe, trf-1, chrII-355920-355991, chrII.trna4-GlnTTG, GSM757897-17-dcr1Delta2-mutation;GSM757896-0-dcr1-SHSS-mutation;GSM757895-3-dcr1Deltaloop2-mutation;GSM757896-0-dcr1-SHSS-mutation;GSM757894-56-Wild-type;, 5' GGTTGTATGGTGTAATGGTTAGCACGTGAGATTTTGATTCTCGAGACCTGGGTTCGATTCCCAGTACGACCTTAAATAATTGAAACTTTT 3', Start:73 - End:90, TAAATAATTGAAACTTTT 
1003, Xenopus-tropicalis, trf-1, GL173974-7235-7163, GL173974.trna66-AlaAGC, GSM946001-2413-Gastrula.VegetalPole;GSM946000-1659-Gastrula.AnimalPole;GSM945999-575-Stage18.neurula;GSM945998-75-Stage10.gastrula;GSM945997-7-Stage8.blastula;, 5' GGGGGATTAGCTCAAATGGTAGAGCGCTCGCTTAGCACGCGAGAGGTAGCGGGATCGATGCCCGCATCCTCCAGAGGTGGCTCTTTT 3', Start:74 - End:87, GAGGTGGCTCTTTT 
1003, Zebra_fish_Zv9, trf-1, chr20-5273063-5273135, chr20.trna21-ThrTGT, GSM686381-26-256-cell;GSM686382-19-Sphere1;GSM686383-13-Sphere2;GSM686384-165-Shield;GSM686385-815-1dpf;, 5' GGCTCCATAGCTCAGTGGTTAGAGCACTGGTCTTGTAAACCAGGGGTCGCGAGTTCGATCCTCGCTGGGGCCTGCCGAGATGGGTACATTT 3', Start:74 - End:91, GCCGAGATGGGTACATTT 
1004, human, trf-1, chr12-98897281-98897352, chr12.trna5-AspGTC, GSM380324-4-Germinal-center-Normal-B-cell;GSM380323-4-Naive-Normal-B-cell;GSM380325-4-Plasma-Normal-B-cell;GSM380327-0-Naive-Normal-B-cell;GSM380328-3-GC40-Germinal-Center-Normal-B-cell;GSM497068-132-L1236-Germinal-Center-Malignant-B-cell;GSM380328-3-Germinal-center-Normal-B-cell;GSM380329-3-PC44-Plasma-cell-Normal-B-cell;GSM380329-3-Plasma-Normal-B-cell;GSM416733-190-HEK293;GSM416753-0-HeLa;GSM416754-4-U2OS;GSM416755-82-143B;GSM416756-77-A549;GSM416757-74-H520;GSM416758-65-SW480;GSM416759-125-DLD2;GSM416760-17-MCF7;GSM416761-133-MB-MDA231;GSM497058-158-Germinal-center-Malignant-B-cell;GSM497061-0-Naive-Malignant-B-cell;GSM497062-20-Naive-Malignant-B-cell;GSM497063-21-U266-Malignant-Plasma-cell-B-cell;GSM497063-21-Plasma-Malignant-B-cell;GSM497067-338-Plasma-Malignant-B-cell;GSM497068-132-Germinal-center-Malignant-B-cell;GSM497069-137-Germinal-center-Malignant-B-cell;GSM497076-118-Plasma-Malignant-B-cell;SRR207111-0-HeLa-WholeCell;SRR207113-0-HeLa-WholeCell-AGO12IP;SRR207116-0-HeLa-Nucleus;, 5' TCCTCGTTAGTATAGTGGTTAGTATCCCCGCCTGTCACGCGGGAGACCGGGGTTCAATTCCCCGACGGGGAGGTGTGTAGCTGCACTTTT 3', Start:73 - End:90, GTGTGTAGCTGCACTTTT 
1004, mouse, trf-1, chr11-106874180-106874252, chr11.trna945-ArgCCG, GSM314552-1-Mouse-Embryonic-Stem-cell;GSM314553-0-Mouse-Embryonic-Stem-cell-dcr--;GSM314557-1-Mouse-Embryonic-Stem-cell-dgcr8--;GSM416611-0-NIH3T3;GSM416732-0-MEF;GSM510432-0-GSM510432toGSM510435-Mouse-ovary;GSM51043-0-GSM51043toGSM510439-Mouse-testes;GSM510440-0-GSM510440toGSM510444-Mouse-brain;GSM510445-0-GSM510445toGSM510456_Mouse-Newborn;GSM510457-0-GSM510457toGSM510460_Mouse-Embryo-12.5days;GSM510461-0-GSM510461toGSM510464_Mouse-Embryo-9.5days;GSM510465-0-GSM510465toGSM510468_Mouse-Embryo-7.5days;GSM849855-0-NIH3T3-withoutAGO2IP;GSM849857-0-NIH3T3-AGO2IP;, 5' GGGCCAGTGGCGCAATGGATAACGCGTCTGACTACGGATCAGAAGATTCTAGGTTCGACTCCTGGCTGGCTCGCATGGTCGTTCATTTT 3', Start:74 - End:89, CATGGTCGTTCATTTT 
1004, drosophila, trf-1, chr3L-1401781-1401852, chr3L.trna11-GluCTC, SRR029030-2-dcr-2.knockdown;SRR029029-6-dcr-1.knockdown;SRR029028-3-WT;GSM466496-19-r2d2--mutant;GSM466492-12-dcr-2--mutant;GSM466487-11-WT;, 5' TCCCATATTGTCTAGTGGTTAGGATATCCGGCTCTCACCCGGAAGGCCCGGGTTCAATTCCCGGTATGGGAAAAGATGGAGTAGTTTT 3', Start:73 - End:88, AAGATGGAGTAGTTTT 
1004, s.pombe, trf-1, chrII-257979-257908, chrII.trna67-GlnTTG, GSM757897-0-dcr1Delta2-mutation;GSM757896-0-dcr1-SHSS-mutation;GSM757895-0-dcr1Deltaloop2-mutation;GSM757895-0-dcr1Deltaloop2-mutation;GSM757896-0-dcr1-SHSS-mutation;GSM757894-1-Wild-type;GSM757897-0-dcr1Delta2-mutation;, 5' GGTTGTATGGTGTAATGGTTAGCACGTGAGATTTTGATTCTCGAGACCTGGGTTCGATTCCCAGTACGACCTTATACATTATATTATATTCTT 3', Start:73 - End:93, TATACATTATATTATATTCTT 
1004, Xenopus-tropicalis, trf-1, GL174536-7924-7852, GL174536.trna44-AlaAGC, GSM946001-86-Gastrula.VegetalPole;GSM946000-92-Gastrula.AnimalPole;GSM945999-30-Stage18.neurula;GSM945998-2-Stage10.gastrula;GSM945997-0-Stage8.blastula;, 5' GGGGGATTAGCTCAAATGGTAGAGCGCTCGCTTAGCATGCGAGAGGTAGCGGGATCGATGCCCGCATCCTCCAGAGGAGGCTCTTTT 3', Start:74 - End:87, GAGGAGGCTCTTTT 
1004, Zebra_fish_Zv9, trf-1, chr23-38242578-38242650, chr23.trna109-ThrTGT, GSM686381-2-256-cell;GSM686382-3-Sphere1;GSM686383-0-Sphere2;GSM686384-19-Shield;GSM686385-7-1dpf;, 5' GGCTCCATAGCTCAGTGGTTAGAGCACTGGTCTTGTAAACCAGGGGTCGCGAGTTCGATCCTCGCTGGGGCCTGTGGGTGTTAATAATCATTT 3', Start:74 - End:93, GTGGGTGTTAATAATCATTT 
1005, human, trf-1, chr15-40886104-40886023, chr15.trna10-SerGCT, GSM380324-5-Germinal-center-Normal-B-cell;GSM380323-109-Naive-Normal-B-cell;GSM380325-2-Plasma-Normal-B-cell;GSM380327-52-Naive-Normal-B-cell;GSM380328-189-GC40-Germinal-Center-Normal-B-cell;GSM497068-2883-L1236-Germinal-Center-Malignant-B-cell;GSM380328-189-Germinal-center-Normal-B-cell;GSM380329-35-PC44-Plasma-cell-Normal-B-cell;GSM380329-35-Plasma-Normal-B-cell;GSM416733-0-HEK293;GSM416753-471-HeLa;GSM416754-0-U2OS;GSM416755-222-143B;GSM416756-299-A549;GSM416757-996-H520;GSM416758-370-SW480;GSM416759-691-DLD2;GSM416760-24-MCF7;GSM416761-354-MB-MDA231;GSM497058-3788-Germinal-center-Malignant-B-cell;GSM497061-785-Naive-Malignant-B-cell;GSM497062-766-Naive-Malignant-B-cell;GSM497063-4564-U266-Malignant-Plasma-cell-B-cell;GSM497063-4564-Plasma-Malignant-B-cell;GSM497067-5436-Plasma-Malignant-B-cell;GSM497068-2883-Germinal-center-Malignant-B-cell;GSM497069-644-Germinal-center-Malignant-B-cell;GSM497076-5554-Plasma-Malignant-B-cell;SRR207111-1277-HeLa-WholeCell;SRR207113-0-HeLa-WholeCell-AGO12IP;SRR207116-2-HeLa-Nucleus;, 5' GACGAGGTGGCCGAGTGGTTAAGGCGATGGACTGCTAATCCATTGTGCTCTGCACGCGTGGGTTCGAATCCCATCCTCGTCGATGTGGTGGCTTACTTT 3', Start:83 - End:99, ATGTGGTGGCTTACTTT 
1005, mouse, trf-1, chr11-48648002-48647931, chr11.trna2022-AlaTGC, GSM314552-8-Mouse-Embryonic-Stem-cell;GSM314553-5-Mouse-Embryonic-Stem-cell-dcr--;GSM314557-9-Mouse-Embryonic-Stem-cell-dgcr8--;GSM416611-2-NIH3T3;GSM416732-1-MEF;GSM510432-0-GSM510432toGSM510435-Mouse-ovary;GSM51043-1-GSM51043toGSM510439-Mouse-testes;GSM510440-0-GSM510440toGSM510444-Mouse-brain;GSM510445-1-GSM510445toGSM510456_Mouse-Newborn;GSM510457-15-GSM510457toGSM510460_Mouse-Embryo-12.5days;GSM510461-10-GSM510461toGSM510464_Mouse-Embryo-9.5days;GSM510465-9-GSM510465toGSM510468_Mouse-Embryo-7.5days;GSM849855-0-NIH3T3-withoutAGO2IP;GSM849857-0-NIH3T3-AGO2IP;, 5' GACCCAGTGGCCTAATGGATAAGGCATCAGCCTCCGGAGCTGGGGATTGTGGGTTCGAGTCCCATCTGGGTCGAACGGCTACCGCCTACCTTTT 3', Start:74 - End:94, AACGGCTACCGCCTACCTTTT 
1005, drosophila, trf-1, chr3L-769503-769600, chr3L.trna1-IleTAT, SRR029030-464-dcr-2.knockdown;SRR029029-356-dcr-1.knockdown;SRR029028-873-WT;GSM466496-173-r2d2--mutant;GSM466492-74-dcr-2--mutant;GSM466487-19-WT;, 5' GCTCCAGTGGCGCAATTGGTTAGCGCACGGTACTTATAATCAGTATTCTGTGTGTATGAGCTATGCCGGGGTTGTGAGTTCGAGCCTCACCTGGAGCAAAGTTGACGTCGGTTGTAATTTT 3', Start:99 - End:121, AAGTTGACGTCGGTTGTAATTTT 
1005, s.pombe, trf-1, chrII-2069487-2069557, chrII.trna25-GlyCCC, GSM757897-1-dcr1Delta2-mutation;GSM757896-0-dcr1-SHSS-mutation;GSM757895-4-dcr1Deltaloop2-mutation;GSM757896-0-dcr1-SHSS-mutation;GSM757894-1-Wild-type;, 5' GCATTAGTGGTGTAGCGGTAACATTGGAGCTTCCCATGCTCTAGCTCCGGGTTCGACTCCCGGCTGATGCATTATAACCGTTCCTTTT 3', Start:72 - End:88, TTATAACCGTTCCTTTT 
1005, Xenopus-tropicalis, trf-1, GL179205-409-299, GL179205.trna7-LeuCAA, GSM946001-57-Gastrula.VegetalPole;GSM946000-26-Gastrula.AnimalPole;GSM945999-7-Stage18.neurula;GSM945998-2-Stage10.gastrula;GSM945997-0-Stage8.blastula;, 5' GTCAGGATGGCCGAGTGGTCTAAGGCGCCAGACTCAAGAGTGCAGCTCTTCCCCAGGCTTGGGATTTCTGGTCTCCAGATGGAGGCGTGGGTTCAAATCCCACTTCTGACAAGCGGCTCTTTTA 3', Start:112 - End:124, AGCGGCTCTTTTA 
1005, Zebra_fish_Zv9, trf-1, chr25-26028463-26028535, chr25.trna82-AlaAGC, GSM686381-7-256-cell;GSM686382-87-Sphere1;GSM686383-19-Sphere2;GSM686384-19-Shield;GSM686385-6-1dpf;, 5' GGGGAATTAGCTCAAATGGTAGAGCGCTCGCTTAGCATGCGAGAGGTAGCGGGATCGATGCCCGCATTCTCCAATGAATCTCCGCATCTGTTT 3', Start:74 - End:93, ATGAATCTCCGCATCTGTTT 
1006, human, trf-1, chr6-26537726-26537798, chr6.trna8-ArgACG, GSM380324-8-Germinal-center-Normal-B-cell;GSM380323-17-Naive-Normal-B-cell;GSM380325-10-Plasma-Normal-B-cell;GSM380327-7-Naive-Normal-B-cell;GSM380328-13-GC40-Germinal-Center-Normal-B-cell;GSM497068-257-L1236-Germinal-Center-Malignant-B-cell;GSM380328-13-Germinal-center-Normal-B-cell;GSM380329-2-PC44-Plasma-cell-Normal-B-cell;GSM380329-2-Plasma-Normal-B-cell;GSM416733-987-HEK293;GSM416753-30-HeLa;GSM416754-4-U2OS;GSM416755-15-143B;GSM416756-37-A549;GSM416757-22-H520;GSM416758-30-SW480;GSM416759-30-DLD2;GSM416760-20-MCF7;GSM416761-237-MB-MDA231;GSM497058-700-Germinal-center-Malignant-B-cell;GSM497061-38-Naive-Malignant-B-cell;GSM497062-118-Naive-Malignant-B-cell;GSM497063-217-U266-Malignant-Plasma-cell-B-cell;GSM497063-217-Plasma-Malignant-B-cell;GSM497067-501-Plasma-Malignant-B-cell;GSM497068-257-Germinal-center-Malignant-B-cell;GSM497069-244-Germinal-center-Malignant-B-cell;GSM497076-309-Plasma-Malignant-B-cell;SRR207111-414-HeLa-WholeCell;SRR207113-0-HeLa-WholeCell-AGO12IP;SRR207116-230-HeLa-Nucleus;, 5' GGGCCAGTGGCGCAATGGATAACGCGTCTGACTACGGATCAGAAGATTCCAGGTTCGACTCCTGGCTGGCTCGGTGTAAGCAGGGTCGTTTT 3', Start:74 - End:92, GTGTAAGCAGGGTCGTTTT 
1006, mouse, trf-1, chr1-173599570-173599642, chr1.trna717-HisATG, GSM314552-50-Mouse-Embryonic-Stem-cell;GSM314553-106-Mouse-Embryonic-Stem-cell-dcr--;GSM314557-81-Mouse-Embryonic-Stem-cell-dgcr8--;GSM416611-34-NIH3T3;GSM416732-25-MEF;GSM510432-19-GSM510432toGSM510435-Mouse-ovary;GSM51043-1-GSM51043toGSM510439-Mouse-testes;GSM510440-8-GSM510440toGSM510444-Mouse-brain;GSM510445-6-GSM510445toGSM510456_Mouse-Newborn;GSM510457-33-GSM510457toGSM510460_Mouse-Embryo-12.5days;GSM510461-3-GSM510461toGSM510464_Mouse-Embryo-9.5days;GSM510465-18-GSM510465toGSM510468_Mouse-Embryo-7.5days;GSM849855-14-NIH3T3-withoutAGO2IP;GSM849857-10-NIH3T3-AGO2IP;, 5' GGCCGCGTGGCCTAATGGATAAGGCGTCTGACTTCGGATCAGAAGATTGCAGGTTCGAGTCCTGCCGCGGTCGTTGGGACTGGTACTCCTTTATT 3', Start:74 - End:95, TTGGGACTGGTACTCCTTTATT 
1006, drosophila, trf-1, chr3L-770363-770462, chr3L.trna2-IleTAT, SRR029030-154-dcr-2.knockdown;SRR029029-101-dcr-1.knockdown;SRR029028-197-WT;GSM466496-59-r2d2--mutant;GSM466492-16-dcr-2--mutant;GSM466487-13-WT;, 5' GCTCCAGTGGCGCAATTGGTTAGCGCACGGTACTTATAATCAGTATTCTGTGTGTATATGAGCTATGCCGGGGTTGTGAGTTCGAGCCTCACCTGGAGCAACAGAGTTGTCAATTATTTT 3', Start:101 - End:120, ACAGAGTTGTCAATTATTTT 
1006, s.pombe, trf-1, chrI-1646362-1646292, chrI.trna47-GlyGCC, GSM757897-17-dcr1Delta2-mutation;GSM757896-2-dcr1-SHSS-mutation;GSM757895-11-dcr1Deltaloop2-mutation;GSM757894-21-Wild-type;, 5' GCTTTGGTGGTTTAGTGGTATAATGAATCGTTGCCATCGATTCGACCCGGGTTCGATTCCCGGCCAAAGCATTATAACCGTTCTCATTT 3', Start:72 - End:89, TTATAACCGTTCTCATTT 
1006, Xenopus-tropicalis, trf-1, GL173207-591801-591872, GL173207.trna6-CysGCA, GSM946001-89-Gastrula.VegetalPole;GSM946000-109-Gastrula.AnimalPole;GSM945999-270-Stage18.neurula;GSM945998-3-Stage10.gastrula;GSM945997-1-Stage8.blastula;, 5' GGGGGTATAGCTCAGTGGTAGAGCATTCGACTGCAGATCGAGAGGTCCCTGGTTCAAATCCGGGTGCCCCCTAGGCAGATGTCATTTT 3', Start:73 - End:88, AGGCAGATGTCATTTT 
1006, Zebra_fish_Zv9, trf-1, chr4-30194874-30194947, chr4.trna279-Undet???, GSM686381-0-256-cell;GSM686382-10-Sphere1;GSM686383-2-Sphere2;GSM686384-0-Shield;GSM686385-0-1dpf;, 5' GGCGCTGTGGCTTAGCTGGTCAAAGCGCCTGTATTGTTAACAGGAGATCCTGGGCTCAAATCCCAGCAGCGCCAAGTCCAGGTGGTGCGTGTGCTTGTTT 3', Start:75 - End:100, AGTCCAGGTGGTGCGTGTGCTTGTTT 
1007, human, trf-1, chr6-28557156-28557227, chr6.trna64-GlnTTG, GSM380324-0-Germinal-center-Normal-B-cell;GSM380323-0-Naive-Normal-B-cell;GSM380325-0-Plasma-Normal-B-cell;GSM380327-0-Naive-Normal-B-cell;GSM380328-2-GC40-Germinal-Center-Normal-B-cell;GSM497068-96-L1236-Germinal-Center-Malignant-B-cell;GSM380328-2-Germinal-center-Normal-B-cell;GSM380329-0-PC44-Plasma-cell-Normal-B-cell;GSM380329-0-Plasma-Normal-B-cell;GSM416733-836-HEK293;GSM416753-42-HeLa;GSM416754-4-U2OS;GSM416755-75-143B;GSM416756-92-A549;GSM416757-243-H520;GSM416758-18-SW480;GSM416759-377-DLD2;GSM416760-8-MCF7;GSM416761-185-MB-MDA231;GSM497058-14-Germinal-center-Malignant-B-cell;GSM497061-6-Naive-Malignant-B-cell;GSM497062-12-Naive-Malignant-B-cell;GSM497063-0-U266-Malignant-Plasma-cell-B-cell;GSM497063-0-Plasma-Malignant-B-cell;GSM497067-133-Plasma-Malignant-B-cell;GSM497068-96-Germinal-center-Malignant-B-cell;GSM497069-0-Germinal-center-Malignant-B-cell;GSM497076-30-Plasma-Malignant-B-cell;SRR207111-228-HeLa-WholeCell;SRR207113-0-HeLa-WholeCell-AGO12IP;SRR207116-1-HeLa-Nucleus;, 5' GGTCCCATGGTGTAATGGTTAGCACTCTGGACTTTGAATCCAGCAATCCGAGTTCGAATCTCGGTGGGACCTTTCAAAGGTGAACGTTT 3', Start:73 - End:89, TTCAAAGGTGAACGTTT 
1007, mouse, trf-1, chr11-79518152-79518223, chr11.trna550-ThrCGT, GSM314552-19-Mouse-Embryonic-Stem-cell;GSM314553-22-Mouse-Embryonic-Stem-cell-dcr--;GSM314557-35-Mouse-Embryonic-Stem-cell-dgcr8--;GSM416611-0-NIH3T3;GSM416732-17-MEF;GSM510432-0-GSM510432toGSM510435-Mouse-ovary;GSM51043-1-GSM51043toGSM510439-Mouse-testes;GSM510440-1-GSM510440toGSM510444-Mouse-brain;GSM510445-5-GSM510445toGSM510456_Mouse-Newborn;GSM510457-23-GSM510457toGSM510460_Mouse-Embryo-12.5days;GSM510461-10-GSM510461toGSM510464_Mouse-Embryo-9.5days;GSM510465-15-GSM510465toGSM510468_Mouse-Embryo-7.5days;GSM849855-0-NIH3T3-withoutAGO2IP;GSM849857-0-NIH3T3-AGO2IP;, 5' GTCTCTGTGGCGCAATCGGTTAGCGCGTTCGGCTGTTAACCGAAAGGTTGGTGGTTCGAGCCCACCCAGGGACGGCGTTTGGAAGAGATATTTT 3', Start:75 - End:94, GCGTTTGGAAGAGATATTTT 
1007, drosophila, trf-1, chr3R-20090981-20091064, chr3R.trna35-LeuTAA, SRR029030-471-dcr-2.knockdown;SRR029029-226-dcr-1.knockdown;SRR029028-319-WT;GSM466496-76-r2d2--mutant;GSM466492-40-dcr-2--mutant;GSM466487-12-WT;, 5' GTCAGGTTGGCCGAGCGGTCTAAGGCGCCAGATTTAAGCTCTGGTTCTCGAGAGGGAGCGTGGGTTCGAACCCCACACCTGACAACTACTGTGGAGACATTTT 3', Start:85 - End:103, ACTACTGTGGAGACATTTT 
1007, s.pombe, trf-1, chrII-181064-180994, chrII.trna68-GlyGCC, GSM757897-0-dcr1Delta2-mutation;GSM757896-1-dcr1-SHSS-mutation;GSM757895-7-dcr1Deltaloop2-mutation;GSM757894-3-Wild-type;GSM757897-0-dcr1Delta2-mutation;, 5' GCTTTGGTGGTTTAGTGGTATAATGAATCGTTGCCATCGATTCGACCCGGGTTCGATTCCCGGCCAAAGCATTGAAGTTAATTTCATT 3', Start:72 - End:88, TTGAAGTTAATTTCATT 
1007, Xenopus-tropicalis, trf-1, GL178116-2560-2489, GL178116.trna14-AlaTGC, GSM946001-25-Gastrula.VegetalPole;GSM946000-1-Gastrula.AnimalPole;GSM945999-6-Stage18.neurula;GSM945998-4-Stage10.gastrula;GSM945997-0-Stage8.blastula;, 5' GGGGATGTAGCTCAGTGGTAGAGCGCATGCTTTGCATGTATGAGGTCTTGGGTTCAATCCCCAGCATCTCCAACCTGGGGCTCTTGAAGGCAGGAGTGGGTCTCTCTT 3', Start:73 - End:108, ACCTGGGGCTCTTGAAGGCAGGAGTGGGTCTCTCTT 
1007, Zebra_fish_Zv9, trf-1, chr12-43438461-43438534, chr12.trna176-ThrTGT, GSM686385-35-1dpf;GSM686381-26-256-cell;GSM686382-352-Sphere1;GSM686383-620-Sphere2;GSM686384-305-Shield;GSM686385-35-1dpf;, 5' GGCGCTGTGGCTTAGTTGGTCAAAGCGCCTGTCTTGTAAACAGGAGATCCTGGGTTCAAATCCCAGCAGTGCCTGTACGCAGTTGGCTGGCTTT 3', Start:75 - End:94, GTACGCAGTTGGCTGGCTTT 
1008, human, trf-1, chr6-28616057-28615984, chr6.trna121-ThrCGT, GSM380324-1-Germinal-center-Normal-B-cell;GSM380323-0-Naive-Normal-B-cell;GSM380325-0-Plasma-Normal-B-cell;GSM380327-8-Naive-Normal-B-cell;GSM380328-0-GC40-Germinal-Center-Normal-B-cell;GSM497068-78-L1236-Germinal-Center-Malignant-B-cell;GSM380328-0-Germinal-center-Normal-B-cell;GSM380329-0-PC44-Plasma-cell-Normal-B-cell;GSM380329-0-Plasma-Normal-B-cell;GSM416733-195-HEK293;GSM416753-7-HeLa;GSM416754-4-U2OS;GSM416755-0-143B;GSM416756-12-A549;GSM416757-11-H520;GSM416758-3-SW480;GSM416759-6-DLD2;GSM416760-0-MCF7;GSM416761-10-MB-MDA231;GSM497058-370-Germinal-center-Malignant-B-cell;GSM497061-14-Naive-Malignant-B-cell;GSM497062-11-Naive-Malignant-B-cell;GSM497063-395-U266-Malignant-Plasma-cell-B-cell;GSM497063-395-Plasma-Malignant-B-cell;GSM497067-158-Plasma-Malignant-B-cell;GSM497068-78-Germinal-center-Malignant-B-cell;GSM497069-56-Germinal-center-Malignant-B-cell;GSM497076-431-Plasma-Malignant-B-cell;SRR207111-501-HeLa-WholeCell;SRR207113-0-HeLa-WholeCell-AGO12IP;SRR207116-2-HeLa-Nucleus;, 5' GGCTCTGTGGCTTAGTTGGCTAAAGCGCCTGTCTCGTAAACAGGAGATCCTGGGTTCGAATCCCAGCGGGGCCTTAGGGTGTGCGTGTTTTT 3', Start:75 - End:92, TAGGGTGTGCGTGTTTTT 
1008, mouse, trf-1, chr11-97658386-97658457, chr11.trna791-CysGCA, GSM314552-135-Mouse-Embryonic-Stem-cell;GSM314553-132-Mouse-Embryonic-Stem-cell-dcr--;GSM314557-114-Mouse-Embryonic-Stem-cell-dgcr8--;GSM416611-86-NIH3T3;GSM416732-130-MEF;GSM510432-5-GSM510432toGSM510435-Mouse-ovary;GSM51043-5-GSM51043toGSM510439-Mouse-testes;GSM510440-39-GSM510440toGSM510444-Mouse-brain;GSM510445-39-GSM510445toGSM510456_Mouse-Newborn;GSM510457-101-GSM510457toGSM510460_Mouse-Embryo-12.5days;GSM510461-56-GSM510461toGSM510464_Mouse-Embryo-9.5days;GSM510465-115-GSM510465toGSM510468_Mouse-Embryo-7.5days;GSM849855-9-NIH3T3-withoutAGO2IP;GSM849857-0-NIH3T3-AGO2IP;, 5' GTCTCTGTGGCGCAATCGGTTAGCGCGTTCGGCTGTTAACCGAAAGGTTGGTGGTTCGAGCCCACCCAGGGACGTGGTGGGTGCATATGTTTT 3', Start:75 - End:93, TGGTGGGTGCATATGTTTT 
1008, drosophila, trf-1, chr3R-19938686-19938769, chr3R.trna34-LeuTAA, SRR029030-1070-dcr-2.knockdown;SRR029029-345-dcr-1.knockdown;SRR029028-742-WT;GSM466496-127-r2d2--mutant;GSM466492-36-dcr-2--mutant;GSM466487-29-WT;, 5' GCCAGGTTGGCCGAGCGGTCTAAGGCGCCAGATTTAAGCTCTGGTTCTCGAGAGAGAGCGTGGGTTCGAACCCCACACCTGGCAACTTATGTGGATTTATTTT 3', Start:85 - End:103, ACTTATGTGGATTTATTTT 
1008, s.pombe, trf-1, chrIII-2037352-2037422, chrIII.trna25-GlyTCC, GSM757897-12-dcr1Delta2-mutation;GSM757896-9-dcr1-SHSS-mutation;GSM757895-7-dcr1Deltaloop2-mutation;GSM757894-30-Wild-type;, 5' GCATCAGTGGTGTAGCGGTAACATCAATGCCTTCCAAGCATTAGCTCCGGGTTCGACTCCCGGCTGATGCATTTAGTAATCCTAGTATTGGGA 3', Start:72 - End:93, TTTAGTAATCCTAGTATTGGGA 
1008, Xenopus-tropicalis, trf-1, GL180373-35820-35891, GL180373.trna1-AlaTGC, GSM946001-53-Gastrula.VegetalPole;GSM946000-8-Gastrula.AnimalPole;GSM945999-12-Stage18.neurula;GSM945998-6-Stage10.gastrula;GSM945997-0-Stage8.blastula;, 5' GGGGATGTAGCTCAGTGGTAGAGCGCATGCTTTGCATGTATGAGGTCTTGGGTTCAATCCCCAGCATCTCCAACCTGGGGCTCTTGAA 3', Start:73 - End:88, ACCTGGGGCTCTTGAA 
1008, Zebra_fish_Zv9, trf-1, chr12-43454965-43455038, chr12.trna248-ThrTGT, GSM686385-0-1dpf;GSM686381-1-256-cell;GSM686382-7-Sphere1;GSM686383-2-Sphere2;GSM686384-2-Shield;GSM686385-0-1dpf;, 5' GGCGCTGTGGCTTAGTTGGTCAAAGTGCCTGTCTTGTAAACAGGACATCCTGGGTTCAAATCCCAGCAGTGCCTGTATGCAGTTGGCTGGCTTT 3', Start:75 - End:94, GTATGCAGTTGGCTGGCTTT 
1009, mouse, trf-1, chr11-97849631-97849560, chr11.trna1433-CysGCA, GSM314552-38-Mouse-Embryonic-Stem-cell;GSM314553-25-Mouse-Embryonic-Stem-cell-dcr--;GSM314557-50-Mouse-Embryonic-Stem-cell-dgcr8--;GSM416611-23-NIH3T3;GSM416732-32-MEF;GSM510432-2-GSM510432toGSM510435-Mouse-ovary;GSM51043-1-GSM51043toGSM510439-Mouse-testes;GSM510440-2-GSM510440toGSM510444-Mouse-brain;GSM510445-10-GSM510445toGSM510456_Mouse-Newborn;GSM510457-16-GSM510457toGSM510460_Mouse-Embryo-12.5days;GSM510461-8-GSM510461toGSM510464_Mouse-Embryo-9.5days;GSM510465-10-GSM510465toGSM510468_Mouse-Embryo-7.5days;GSM849855-2-NIH3T3-withoutAGO2IP;GSM849857-0-NIH3T3-AGO2IP;, 5' TCCTCGTTAGTATAGTGGTGAGTATCCCCGCCTGTCACGCGGGAGACCGGGGTTCGATTCCCCGACGGGGAGAGCAGGCTCACTCTTTT 3', Start:73 - End:89, AGCAGGCTCACTCTTTT 
1009, drosophila, trf-1, chr3L-14667444-14667515, chr3L.trna28-MetCAT, SRR029030-62-dcr-2.knockdown;SRR029029-34-dcr-1.knockdown;SRR029028-58-WT;GSM466496-8-r2d2--mutant;GSM466492-40-dcr-2--mutant;GSM466487-15-WT;, 5' AGCAGAGTGGCGCAGTGGAAGCGTGCTGGGCCCATAACCCAGAGGTCCGAGGATCGAAACCTTGCTCTGCTAAGAAGGTTTACGGATTTT 3', Start:73 - End:90, AGAAGGTTTACGGATTTT 
1009, s.pombe, trf-1, chrIII-1139618-1139536, chrIII.trna33-LysCTT, GSM757897-4-dcr1Delta2-mutation;GSM757896-18-dcr1-SHSS-mutation;GSM757895-14-dcr1Deltaloop2-mutation;GSM757894-7-Wild-type;, 5' TCCCGAGTGGCTCAATCGGTTTAGAGCGTCTGACTCTTATGATGGTCATCAGAAGGTTGCGAGTTCGAGTCTCGCCTTGGGAGTTTCCTCCAGTGTTCACTTTT 3', Start:84 - End:104, TTTCCTCCAGTGTTCACTTTT 
1009, Xenopus-tropicalis, trf-1, GL174536-665-593, GL174536.trna51-PheGAA, GSM946001-14-Gastrula.VegetalPole;GSM946000-22-Gastrula.AnimalPole;GSM945999-3-Stage18.neurula;GSM945998-1-Stage10.gastrula;GSM945997-0-Stage8.blastula;, 5' GCCGAAATAGCTCAGTTGGGAGAGCGTTAGACTGAAGATCTAAAGGTCCCTGGTTCAATCCCGGGTTTCGGCAGTGGAGCCGTGGATTT 3', Start:74 - End:89, GTGGAGCCGTGGATTT 
1009, Zebra_fish_Zv9, trf-1, chr12-43457719-43457792, chr12.trna260-ThrTGT, GSM686385-0-1dpf;GSM686381-0-256-cell;GSM686382-2-Sphere1;GSM686383-2-Sphere2;GSM686384-1-Shield;GSM686385-0-1dpf;, 5' GGCGCTGTGGCTTAGTTGGTCAAAGTGCCTGTCTTGTAAACAGGAGATCCTGGGTTCAAATCCCAGCAGTGCCTTGTCTGCAGTTGGCTGGACTTAT 3', Start:75 - End:97, TGTCTGCAGTTGGCTGGACTTAT 
1010, human, trf-1, chr10-5895746-5895674, chr10.trna6-ValTAC, GSM380324-17-Germinal-center-Normal-B-cell;GSM380323-8-Naive-Normal-B-cell;GSM380325-2-Plasma-Normal-B-cell;GSM380327-8-Naive-Normal-B-cell;GSM380328-24-GC40-Germinal-Center-Normal-B-cell;GSM497068-4626-L1236-Germinal-Center-Malignant-B-cell;GSM380328-24-Germinal-center-Normal-B-cell;GSM380329-2-PC44-Plasma-cell-Normal-B-cell;GSM380329-2-Plasma-Normal-B-cell;GSM416733-337-HEK293;GSM416753-16-HeLa;GSM416754-4-U2OS;GSM416755-25-143B;GSM416756-44-A549;GSM416757-51-H520;GSM416758-2-SW480;GSM416759-31-DLD2;GSM416760-10-MCF7;GSM416761-47-MB-MDA231;GSM497058-1912-Germinal-center-Malignant-B-cell;GSM497061-288-Naive-Malignant-B-cell;GSM497062-294-Naive-Malignant-B-cell;GSM497063-754-U266-Malignant-Plasma-cell-B-cell;GSM497063-754-Plasma-Malignant-B-cell;GSM497067-9511-Plasma-Malignant-B-cell;GSM497068-4626-Germinal-center-Malignant-B-cell;GSM497069-666-Germinal-center-Malignant-B-cell;GSM497076-447-Plasma-Malignant-B-cell;SRR207111-326-HeLa-WholeCell;SRR207113-0-HeLa-WholeCell-AGO12IP;SRR207116-26-HeLa-Nucleus;, 5' GGTTCCATAGTGTAGTGGTTATCACATCTGCTTTACACGCAGAAGGTCCTGGGTTCAAGCCCCAGTGGAACCAGGTGTGGTCTGTTGTTT 3', Start:74 - End:90, GGTGTGGTCTGTTGTTT 
1010, mouse, trf-1, chr13-21253274-21253346, chr13.trna60-PheGAA, GSM314552-14-Mouse-Embryonic-Stem-cell;GSM314553-8-Mouse-Embryonic-Stem-cell-dcr--;GSM314557-12-Mouse-Embryonic-Stem-cell-dgcr8--;GSM416611-3-NIH3T3;GSM416732-8-MEF;GSM510432-0-GSM510432toGSM510435-Mouse-ovary;GSM51043-0-GSM51043toGSM510439-Mouse-testes;GSM510440-0-GSM510440toGSM510444-Mouse-brain;GSM510445-1-GSM510445toGSM510456_Mouse-Newborn;GSM510457-4-GSM510457toGSM510460_Mouse-Embryo-12.5days;GSM510461-1-GSM510461toGSM510464_Mouse-Embryo-9.5days;GSM510465-2-GSM510465toGSM510468_Mouse-Embryo-7.5days;GSM849855-0-NIH3T3-withoutAGO2IP;GSM849857-0-NIH3T3-AGO2IP;, 5' GGGGGTATAGCTCAGTGGTAGAGCATTTGACTGCAGATCAAGAGGTCCCCGGTTCAAATCCGGGTGCCCCCTACCGCGTGCATTCCTTTT 3', Start:73 - End:90, ACCGCGTGCATTCCTTTT 
1010, drosophila, trf-1, chr2L-14598859-14598930, chr2L.trna20-ProAGG, SRR029030-48-dcr-2.knockdown;SRR029029-31-dcr-1.knockdown;SRR029028-45-WT;GSM466496-0-r2d2--mutant;GSM466492-40-dcr-2--mutant;GSM466487-12-WT;, 5' GGCTCGTTGGTCTAGGGGTATGATTTCCGCTTAGGGTGCGGGAGGTCCCGGGTTCAAATCCCGGACGAGCCCAGTCGTTGGTGACTATATATTTT 3', Start:73 - End:95, AGTCGTTGGTGACTATATATTTT 
1010, s.pombe, trf-1, chrII-1503953-1504024, chrII.trna11-ThrTGT, GSM757897-4-dcr1Delta2-mutation;GSM757896-1-dcr1-SHSS-mutation;GSM757895-2-dcr1Deltaloop2-mutation;GSM757894-2-Wild-type;, 5' GCCTCTATGGCTTAGTGGTACAGCATCGCACTTGTAATGCGAAGATCCTTGGTTCGATTCCGAGTGGAGGCAATTTGTATTCTTGTTATTGCT 3', Start:73 - End:93, ATTTGTATTCTTGTTATTGCT 
1010, Xenopus-tropicalis, trf-1, GL172801-1272582-1272663, GL172801.trna21-SerAGA, GSM946001-2-Gastrula.VegetalPole;GSM946000-2-Gastrula.AnimalPole;GSM945999-2-Stage18.neurula;GSM945998-0-Stage10.gastrula;GSM945997-0-Stage8.blastula;, 5' GTAGTCGTGGCCGAGTGGTTAAGGCGATGGACTAGAAATCCATTGGGGTCTCCCCGCGCAGGTTCGAATCCTGCCGACTACGGGTTGCATTTATTTA 3', Start:83 - End:97, GGTTGCATTTATTTA 
1010, Zebra_fish_Zv9, trf-1, chr4-33858096-33858169, chr4.trna900-ThrTGT, GSM686385-2-1dpf;GSM686381-2-256-cell;GSM686382-4-Sphere1;GSM686383-4-Sphere2;GSM686384-1-Shield;GSM686385-2-1dpf;, 5' GGCGCTGTGGCTTAGTTGGTCAAAGCGCCTGTCTTGTAAACAGGAGATCCTGGGTTCAAATCCCAGCAGTGCCTATGTACAGGTTTCGTGTTTGCTTT 3', Start:75 - End:98, ATGTACAGGTTTCGTGTTTGCTTT 
1011, mouse, trf-1, chr13-22003182-22003253, chr13.trna84-AspGTC, GSM314552-44-Mouse-Embryonic-Stem-cell;GSM314553-101-Mouse-Embryonic-Stem-cell-dcr--;GSM314557-72-Mouse-Embryonic-Stem-cell-dgcr8--;GSM416611-6-NIH3T3;GSM416732-9-MEF;GSM510432-0-GSM510432toGSM510435-Mouse-ovary;GSM51043-0-GSM51043toGSM510439-Mouse-testes;GSM510440-1-GSM510440toGSM510444-Mouse-brain;GSM510445-7-GSM510445toGSM510456_Mouse-Newborn;GSM510457-20-GSM510457toGSM510460_Mouse-Embryo-12.5days;GSM510461-12-GSM510461toGSM510464_Mouse-Embryo-9.5days;GSM510465-14-GSM510465toGSM510468_Mouse-Embryo-7.5days;GSM849855-27-NIH3T3-withoutAGO2IP;GSM849857-2-NIH3T3-AGO2IP;, 5' GGGGGTATAGCTCAGTGGTAGAGCATTTGACTGCAGATCAAGAGGTCCCCGGTTCAAATCCGGGTGCCCCCTTCTGGACACATGTGGCTTTT 3', Start:73 - End:92, TCTGGACACATGTGGCTTTT 
1011, drosophila, trf-1, chr2L-14599674-14599745, chr2L.trna21-ProAGG, SRR029030-0-dcr-2.knockdown;SRR029029-0-dcr-1.knockdown;SRR029028-0-WT;GSM466496-85-r2d2--mutant;GSM466492-11-dcr-2--mutant;GSM466487-9-WT;, 5' GGCTCGTTGGTCTAGGGGTATGATTTCCGCTTAGGGTGCGGGAGGTCCCGGGTTCAAATCCCGGACGAGCCCATAGTGTAGTTGTAACACGTTTT 3', Start:73 - End:95, ATAGTGTAGTTGTAACACGTTTT 
1011, s.pombe, trf-1, chrIII-1361161-1361090, chrIII.trna30-ThrTGT, GSM757897-979-dcr1Delta2-mutation;GSM757896-107-dcr1-SHSS-mutation;GSM757895-298-dcr1Deltaloop2-mutation;GSM757894-1516-Wild-type;, 5' GCCCCTATGGCTTAGTGGTACAGCATCGCACTTGTAATGCGAAGATCCTTGGTTCGATTCCGAGTGGGGGCATACGATTTTACGATCTGAACTTACTTTT 3', Start:73 - End:100, TACGATTTTACGATCTGAACTTACTTTT 
1011, Xenopus-tropicalis, trf-1, GL173148-844638-844566, GL173148.trna15-LysTTT, GSM946001-70-Gastrula.VegetalPole;GSM946000-53-Gastrula.AnimalPole;GSM945999-11-Stage18.neurula;GSM945998-3-Stage10.gastrula;GSM945997-0-Stage8.blastula;, 5' GCCCGGCTAGCTCAGTTGGTAGAGCATGAGATTTTTAATCTCAGGGTCGTGGGTTCGAGCCCCACGTTGGGCGGCGTGCTCACCTTT 3', Start:74 - End:87, GCGTGCTCACCTTT 
1011, Zebra_fish_Zv9, trf-1, chr4-34629660-34629733, chr4.trna942-ThrCGT, GSM686385-0-1dpf;GSM686381-1-256-cell;GSM686382-3-Sphere1;GSM686383-3-Sphere2;GSM686384-11-Shield;GSM686385-0-1dpf;, 5' GGCACTGTGGCTTAGTTGGTCAAAGCGCCTGTCTCGTAAACAGGAGATCCTGGGTTCAAATCCCAGCAGTGCCTAATCTACAGGTGTCAGAGTTGCTTT 3', Start:75 - End:99, AATCTACAGGTGTCAGAGTTGCTTT 
1012, human, trf-1, chr21-18827177-18827107, chr21.trna2-GlyGCC, GSM380324-0-Germinal-center-Normal-B-cell;GSM380323-0-Naive-Normal-B-cell;GSM380325-0-Plasma-Normal-B-cell;GSM380327-0-Naive-Normal-B-cell;GSM380328-0-GC40-Germinal-Center-Normal-B-cell;GSM497068-6-L1236-Germinal-Center-Malignant-B-cell;GSM380328-0-Germinal-center-Normal-B-cell;GSM380329-0-PC44-Plasma-cell-Normal-B-cell;GSM380329-0-Plasma-Normal-B-cell;GSM416733-133-HEK293;GSM416753-12-HeLa;GSM416754-41-U2OS;GSM416755-86-143B;GSM416756-25-A549;GSM416757-91-H520;GSM416758-8-SW480;GSM416759-103-DLD2;GSM416760-12-MCF7;GSM416761-213-MB-MDA231;GSM497058-2-Germinal-center-Malignant-B-cell;GSM497061-0-Naive-Malignant-B-cell;GSM497062-0-Naive-Malignant-B-cell;GSM497063-0-U266-Malignant-Plasma-cell-B-cell;GSM497063-0-Plasma-Malignant-B-cell;GSM497067-7-Plasma-Malignant-B-cell;GSM497068-6-Germinal-center-Malignant-B-cell;GSM497069-0-Germinal-center-Malignant-B-cell;GSM497076-0-Plasma-Malignant-B-cell;SRR207111-7-HeLa-WholeCell;SRR207113-0-HeLa-WholeCell-AGO12IP;SRR207116-0-HeLa-Nucleus;, 5' GCATGGGTGGTTCAGTGGTAGAATTCTCGCCTGCCACGCGGGAGGCCCGGGTTCGATTCCCGGCCCATGCAGCACGAAAATGTGTTTT 3', Start:72 - End:88, GCACGAAAATGTGTTTT 
1012, mouse, trf-1, chr14-51708325-51708397, chr14.trna190-ThrTGT, GSM314552-7-Mouse-Embryonic-Stem-cell;GSM314553-18-Mouse-Embryonic-Stem-cell-dcr--;GSM314557-16-Mouse-Embryonic-Stem-cell-dgcr8--;GSM416611-6-NIH3T3;GSM416732-48-MEF;GSM510432-0-GSM510432toGSM510435-Mouse-ovary;GSM51043-0-GSM51043toGSM510439-Mouse-testes;GSM510440-0-GSM510440toGSM510444-Mouse-brain;GSM510445-1-GSM510445toGSM510456_Mouse-Newborn;GSM510457-2-GSM510457toGSM510460_Mouse-Embryo-12.5days;GSM510461-4-GSM510461toGSM510464_Mouse-Embryo-9.5days;GSM510465-1-GSM510465toGSM510468_Mouse-Embryo-7.5days;GSM849855-4-NIH3T3-withoutAGO2IP;GSM849857-0-NIH3T3-AGO2IP;, 5' GGGGGTATAGCTCAGTGGTAGAGCATTTGACTGCAGATCAAGAGGTCCCCGGTTCAAATCCGGGTGCCCCCTGAGTCTACCTAGACTTTT 3', Start:73 - End:90, GAGTCTACCTAGACTTTT 
1012, drosophila, trf-1, chr2L-14599467-14599396, chr2L.trna23-ProAGG, SRR029030-37-dcr-2.knockdown;SRR029029-29-dcr-1.knockdown;SRR029028-91-WT;GSM466496-97-r2d2--mutant;GSM466492-119-dcr-2--mutant;GSM466487-149-WT;, 5' GGCTCGTTGGTCTAGGGGTATGATTTCCGCTTAGGGTGCGGGAGGTCCCGGGTTCAAATCCCGGACGAGCCCATGACAAGAGTTACTTTT 3', Start:73 - End:90, ATGACAAGAGTTACTTTT 
1012, Xenopus-tropicalis, trf-1, GL173265-37999-37927, GL173265.trna46-LysCTT, GSM946001-6-Gastrula.VegetalPole;GSM946000-2-Gastrula.AnimalPole;GSM945999-0-Stage18.neurula;GSM945998-0-Stage10.gastrula;GSM945997-0-Stage8.blastula;, 5' GCCCGGCTAGCTCAGTTGGTAGAGCATGAGACTCTTAATCTCAGGGTTGTGGGTTCGAGCCCCACGTTGGGCGGCATGCTCACCTTTT 3', Start:74 - End:88, GCATGCTCACCTTTT 
1012, Zebra_fish_Zv9, trf-1, chr4-50954202-50954129, chr4.trna5536-ThrTGT, GSM686385-5-1dpf;GSM686381-2-256-cell;GSM686382-14-Sphere1;GSM686383-20-Sphere2;GSM686384-11-Shield;GSM686385-5-1dpf;, 5' GGCGCTGTGGCTTAGTTGGTCAAAGCGCCTGTCTTGTAAACAGGAGATCCTGGGTTCAAATCCCATCAGTGCCTAATGTACAGGTTTCGTGTTT 3', Start:75 - End:94, AATGTACAGGTTTCGTGTTT 
1013, human, trf-1, chr6-28641684-28641613, chr6.trna119-AlaCGC, GSM380324-10-Germinal-center-Normal-B-cell;GSM380323-8-Naive-Normal-B-cell;GSM380325-1-Plasma-Normal-B-cell;GSM380327-0-Naive-Normal-B-cell;GSM380328-14-GC40-Germinal-Center-Normal-B-cell;GSM497068-3096-L1236-Germinal-Center-Malignant-B-cell;GSM380328-14-Germinal-center-Normal-B-cell;GSM380329-3-PC44-Plasma-cell-Normal-B-cell;GSM380329-3-Plasma-Normal-B-cell;GSM416733-674-HEK293;GSM416753-30-HeLa;GSM416754-6-U2OS;GSM416755-70-143B;GSM416756-99-A549;GSM416757-103-H520;GSM416758-35-SW480;GSM416759-44-DLD2;GSM416760-27-MCF7;GSM416761-153-MB-MDA231;GSM497058-190-Germinal-center-Malignant-B-cell;GSM497061-360-Naive-Malignant-B-cell;GSM497062-24-Naive-Malignant-B-cell;GSM497063-1397-U266-Malignant-Plasma-cell-B-cell;GSM497063-1397-Plasma-Malignant-B-cell;GSM497067-2570-Plasma-Malignant-B-cell;GSM497068-3096-Germinal-center-Malignant-B-cell;GSM497069-49-Germinal-center-Malignant-B-cell;GSM497076-3435-Plasma-Malignant-B-cell;SRR207111-631-HeLa-WholeCell;SRR207113-0-HeLa-WholeCell-AGO12IP;SRR207116-7-HeLa-Nucleus;, 5' GGGGATGTAGCTCAGTGGTAGAGCGCATGCTTCGCATGTATGAGGCCCCGGGTTCGATCCCCGGCATCTCCAGGCGATCACGTAGATTTT 3', Start:73 - End:90, GGCGATCACGTAGATTTT 
1013, mouse, trf-1, chr17-23677882-23677953, chr17.trna83-ProCGG, GSM314552-0-Mouse-Embryonic-Stem-cell;GSM314553-0-Mouse-Embryonic-Stem-cell-dcr--;GSM314557-0-Mouse-Embryonic-Stem-cell-dgcr8--;GSM416611-1-NIH3T3;GSM416732-0-MEF;GSM510432-0-GSM510432toGSM510435-Mouse-ovary;GSM51043-0-GSM51043toGSM510439-Mouse-testes;GSM510440-0-GSM510440toGSM510444-Mouse-brain;GSM510445-0-GSM510445toGSM510456_Mouse-Newborn;GSM510457-0-GSM510457toGSM510460_Mouse-Embryo-12.5days;GSM510461-0-GSM510461toGSM510464_Mouse-Embryo-9.5days;GSM510465-0-GSM510465toGSM510468_Mouse-Embryo-7.5days;GSM849855-0-NIH3T3-withoutAGO2IP;GSM849857-0-NIH3T3-AGO2IP;, 5' GCCGTGATCGTATAGTGGTTAGTACTCTGCGTTGTGGCCGCAGCAACCTCGGTTCGAATCCGAGTCACGGCATGAATGGGGTCCAGTTTCCCAGTGTTTT 3', Start:73 - End:100, TGAATGGGGTCCAGTTTCCCAGTGTTTT 
1013, drosophila, trf-1, chr3L-18611490-18611561, chr3L.trna31-ProCGG, SRR029030-580-dcr-2.knockdown;SRR029029-405-dcr-1.knockdown;SRR029028-533-WT;GSM466496-104-r2d2--mutant;GSM466492-79-dcr-2--mutant;GSM466487-27-WT;, 5' GGCTCGTTGGTCTAGAGGTATGATTCTCGCTTCGGGTGCGAGAGGTCCCGGGTTCAATTCCCGGACGAGCCCATGCTTCTGAAAGCATTTACTTTT 3', Start:73 - End:96, ATGCTTCTGAAAGCATTTACTTTT 
1013, Xenopus-tropicalis, trf-1, GL173615-76557-76629, GL173615.trna43-ArgCCT, GSM946001-45-Gastrula.VegetalPole;GSM946000-75-Gastrula.AnimalPole;GSM945999-1-Stage18.neurula;GSM945998-4-Stage10.gastrula;GSM945997-0-Stage8.blastula;, 5' GCCCCAGTGGCCTAATGGATAAGGCGCTGGCCTCCTAAGCCAGGGATTGTGGGTTCGAGTCCCATCTGGGGTATCACGGTGCATCCTTT 3', Start:74 - End:89, TCACGGTGCATCCTTT 
1013, Zebra_fish_Zv9, trf-1, chr13-28060428-28060499, chr13.trna87-ProTGG, GSM686385-80-1dpf;GSM686381-5-256-cell;GSM686382-2013-Sphere1;GSM686383-2222-Sphere2;GSM686384-235-Shield;GSM686385-80-1dpf;, 5' GGCTCGTTGGTCTAGGGGTATGATTCTCGCTTTGGGTGCGAGAGGTCCCGGGTTCAAATCCCGGACGAGCCCTTGCAGGTGTCATGTGTTT 3', Start:73 - End:91, TTGCAGGTGTCATGTGTTT 
1014, mouse, trf-1, chr17-23687302-23687230, chr17.trna994-ArgCCG, GSM314552-1-Mouse-Embryonic-Stem-cell;GSM314553-2-Mouse-Embryonic-Stem-cell-dcr--;GSM314557-3-Mouse-Embryonic-Stem-cell-dgcr8--;GSM416611-0-NIH3T3;GSM416732-3-MEF;GSM510432-0-GSM510432toGSM510435-Mouse-ovary;GSM51043-0-GSM51043toGSM510439-Mouse-testes;GSM510440-0-GSM510440toGSM510444-Mouse-brain;GSM510445-1-GSM510445toGSM510456_Mouse-Newborn;GSM510457-3-GSM510457toGSM510460_Mouse-Embryo-12.5days;GSM510461-0-GSM510461toGSM510464_Mouse-Embryo-9.5days;GSM510465-2-GSM510465toGSM510468_Mouse-Embryo-7.5days;GSM849855-0-NIH3T3-withoutAGO2IP;GSM849857-0-NIH3T3-AGO2IP;, 5' GCCGAGATCGTATAGTGGTTAGTACTCTGCATTGTGGCTGCAGCAACCTCGGTTCGAATCCGAGTCTCGGCACTGCGTGCATTTGCTTTT 3', Start:73 - End:90, CTGCGTGCATTTGCTTTT 
1014, drosophila, trf-1, chr2L-3173084-3173003, chr2L.trna35-SerAGA, SRR029030-0-dcr-2.knockdown;SRR029029-0-dcr-1.knockdown;SRR029028-0-WT;GSM466496-0-r2d2--mutant;GSM466492-189-dcr-2--mutant;GSM466487-23-WT;, 5' GCAGTCGTGGCCGAGCGGTTAAGGCGTCTGACTAGAAATCAGATTCCCTCTGGGAGCGTAGGTTCGAATCCTACCGACTGCGATTGTTGAGTTCCTTTT 3', Start:83 - End:99, ATTGTTGAGTTCCTTTT 
1014, Xenopus-tropicalis, trf-1, GL172680-1907792-1907720, GL172680.trna2-PheGAA, GSM946001-315-Gastrula.VegetalPole;GSM946000-339-Gastrula.AnimalPole;GSM945999-1023-Stage18.neurula;GSM945998-15-Stage10.gastrula;GSM945997-1-Stage8.blastula;, 5' GCCGAAATAGCTCAGTTGGGAGAGCGTTAGACTGAAGATCTAAAGGTCCCTGGTTCGATCCCGGGTTTCGGCAAAGCTGGCTGCACTTTT 3', Start:74 - End:90, AAGCTGGCTGCACTTTT 
1014, Zebra_fish_Zv9, trf-1, chr3-9276352-9276281, chr3.trna741-ProTGG, GSM686385-0-1dpf;GSM686381-0-256-cell;GSM686382-5-Sphere1;GSM686383-42-Sphere2;GSM686384-1-Shield;GSM686385-0-1dpf;, 5' GGCTCGTTGGTCTAGGGGTATGATTCTTGCTTTGGGTGTGAGAGGTCCTGGGTTCAAATCCCGGACGAGCCCTTGCAGGTGTCATGTGTTC 3', Start:73 - End:91, TTGCAGGTGTCATGTGTTC 
1015, human, trf-1, chr17-37310815-37310744, chr17.trna26-CysGCA, GSM380324-2-Germinal-center-Normal-B-cell;GSM380323-1-Naive-Normal-B-cell;GSM380325-1-Plasma-Normal-B-cell;GSM380327-8-Naive-Normal-B-cell;GSM380328-11-GC40-Germinal-Center-Normal-B-cell;GSM497068-19-L1236-Germinal-Center-Malignant-B-cell;GSM380328-11-Germinal-center-Normal-B-cell;GSM380329-1-PC44-Plasma-cell-Normal-B-cell;GSM380329-1-Plasma-Normal-B-cell;GSM416733-55-HEK293;GSM416753-131-HeLa;GSM416754-12-U2OS;GSM416755-33-143B;GSM416756-60-A549;GSM416757-104-H520;GSM416758-39-SW480;GSM416759-56-DLD2;GSM416760-6-MCF7;GSM416761-73-MB-MDA231;GSM497058-51-Germinal-center-Malignant-B-cell;GSM497061-3-Naive-Malignant-B-cell;GSM497062-4-Naive-Malignant-B-cell;GSM497063-11-U266-Malignant-Plasma-cell-B-cell;GSM497063-11-Plasma-Malignant-B-cell;GSM497067-41-Plasma-Malignant-B-cell;GSM497068-19-Germinal-center-Malignant-B-cell;GSM497069-13-Germinal-center-Malignant-B-cell;GSM497076-44-Plasma-Malignant-B-cell;SRR207111-119-HeLa-WholeCell;SRR207113-1-HeLa-WholeCell-AGO12IP;SRR207116-25-HeLa-Nucleus;, 5' GGGGGTATAGCTCAGTGGTAGAGCATTTGACTGCAGATCAAGAGGTCCCCGGTTCAAATCCGGGTGCCCCCTTGTGCTCCGGAGTTACCTCGTTT 3', Start:73 - End:95, TGTGCTCCGGAGTTACCTCGTTT 
1015, mouse, trf-1, chr11-97850308-97850237, chr11.trna1432-CysGCA, GSM314552-0-Mouse-Embryonic-Stem-cell;GSM314553-0-Mouse-Embryonic-Stem-cell-dcr--;GSM314557-1-Mouse-Embryonic-Stem-cell-dgcr8--;GSM416611-1-NIH3T3;GSM416732-0-MEF;GSM510432-2-GSM510432toGSM510435-Mouse-ovary;GSM51043-0-GSM51043toGSM510439-Mouse-testes;GSM510440-0-GSM510440toGSM510444-Mouse-brain;GSM510445-0-GSM510445toGSM510456_Mouse-Newborn;GSM510457-1-GSM510457toGSM510460_Mouse-Embryo-12.5days;GSM510461-0-GSM510461toGSM510464_Mouse-Embryo-9.5days;GSM510465-0-GSM510465toGSM510468_Mouse-Embryo-7.5days;GSM849855-0-NIH3T3-withoutAGO2IP;GSM849857-0-NIH3T3-AGO2IP;, 5' TCCTCGTTAGTATAGTGGTGAGTATCCCCGCCTGTCACGCGGGAGACCGGGGTTCGATTCCCCGACGGGGAGCACGGCTACTTACCGTGTGTCCCTTTT 3', Start:73 - End:99, CACGGCTACTTACCGTGTGTCCCTTTT 
1015, drosophila, trf-1, chr2L-3169582-3169663, chr2L.trna7-SerAGA, SRR029030-30-dcr-2.knockdown;SRR029029-45-dcr-1.knockdown;SRR029028-49-WT;GSM466496-28-r2d2--mutant;GSM466492-30-dcr-2--mutant;GSM466487-19-WT;, 5' GCAGTCGTGGCCGAGCGGTTAAGGCGTCTGACTAGAAATCAGATTCCCTCTGGGAGCGTAGGTTCGAATCCTACCGACTGCGATTTAACGGCTGAATGCATTTT 3', Start:83 - End:104, ATTTAACGGCTGAATGCATTTT 
1015, Xenopus-tropicalis, trf-1, GL172711-623500-623572, GL172711.trna58-PheGAA, GSM946001-3-Gastrula.VegetalPole;GSM946000-6-Gastrula.AnimalPole;GSM945999-1-Stage18.neurula;GSM945998-0-Stage10.gastrula;GSM945997-0-Stage8.blastula;, 5' GCCGAAATAGCTCAGTTGGGAGAGCGTTAGACTGAAGATCTAAAGGTCCCTGGTTCGATCCCGGGTTTCGGCAGTGGAGCCGCAGATTTT 3', Start:74 - End:90, GTGGAGCCGCAGATTTT 
1015, Zebra_fish_Zv9, trf-1, chr4-57003361-57003432, chr4.trna4234-ProTGG, GSM686385-0-1dpf;GSM686381-0-256-cell;GSM686382-0-Sphere1;GSM686383-15-Sphere2;GSM686384-0-Shield;GSM686385-0-1dpf;, 5' GGCTCGTTGGTCTAGGGGTATGATTCTCGCTCTGGGTGTGAGAGGTCCTGGGTTCAAATCCCGGACGAGCCCTTGCAGGTGTCGTGTTTT 3', Start:73 - End:90, TTGCAGGTGTCGTGTTTT 
1016, mouse, trf-1, chr19-12086421-12086493, chr19.trna109-ValTAC, GSM314552-2-Mouse-Embryonic-Stem-cell;GSM314553-3-Mouse-Embryonic-Stem-cell-dcr--;GSM314557-3-Mouse-Embryonic-Stem-cell-dgcr8--;GSM416611-1-NIH3T3;GSM416732-0-MEF;GSM510432-0-GSM510432toGSM510435-Mouse-ovary;GSM51043-0-GSM51043toGSM510439-Mouse-testes;GSM510440-0-GSM510440toGSM510444-Mouse-brain;GSM510445-0-GSM510445toGSM510456_Mouse-Newborn;GSM510457-0-GSM510457toGSM510460_Mouse-Embryo-12.5days;GSM510461-0-GSM510461toGSM510464_Mouse-Embryo-9.5days;GSM510465-1-GSM510465toGSM510468_Mouse-Embryo-7.5days;GSM849855-2-NIH3T3-withoutAGO2IP;GSM849857-0-NIH3T3-AGO2IP;, 5' GGCCGGTTAGCTCAGTTGGTTAGAGCGTGGTGCTAATAACGCCAAGGTCGCGGGTTCGATCCCCGTACGGGCCACGTGGTGTGCTAGTTAATTTT 3', Start:75 - End:95, CGTGGTGTGCTAGTTAATTTT 
1016, drosophila, trf-1, chr2R-18959623-18959542, chr2R.trna53-SerTGA, SRR029030-0-dcr-2.knockdown;SRR029029-0-dcr-1.knockdown;SRR029028-0-WT;GSM466496-51-r2d2--mutant;GSM466492-33-dcr-2--mutant;GSM466487-12-WT;, 5' GCTGCGGTGTCCGAGTGGTTAAGGAGATGGACTTGAAATCCATTGGGTTCTACCCGCACAGGTTCAAGTCCTGTCCGCAGCGCGTTGACAAAAGTATATATTTT 3', Start:83 - End:104, CGTTGACAAAAGTATATATTTT 
1016, Xenopus-tropicalis, trf-1, GL173593-156210-156138, GL173593.trna98-PheGAA, GSM946001-465-Gastrula.VegetalPole;GSM946000-887-Gastrula.AnimalPole;GSM945999-95-Stage18.neurula;GSM945998-21-Stage10.gastrula;GSM945997-4-Stage8.blastula;, 5' GCCGAAATAGCTCAGTTGGCAGAGCGTTAGACTGAAGATCTAAAGGTCCCTGGTTCGATCCCGGGTTTCGGCAGTGGAGCCGCGGATTTT 3', Start:74 - End:90, GTGGAGCCGCGGATTTT 
1016, Zebra_fish_Zv9, trf-1, chr4-33511124-33511195, chr4.trna775-ProTGG, GSM686385-0-1dpf;GSM686381-0-256-cell;GSM686382-11-Sphere1;GSM686383-11-Sphere2;GSM686384-2-Shield;GSM686385-0-1dpf;, 5' GGCTCGTTGGTCTAGGGGTATGATTCTCGCTTTGGGTGTGAGAGGTCCCGGGTTCAAATCCCGGACGAGCCCTTGCAGGTGCCATGTGTTT 3', Start:73 - End:91, TTGCAGGTGCCATGTGTTT 
1017, mouse, trf-1, chr2-122203704-122203775, chr2.trna586-HisGTG, GSM314552-0-Mouse-Embryonic-Stem-cell;GSM314553-0-Mouse-Embryonic-Stem-cell-dcr--;GSM314557-0-Mouse-Embryonic-Stem-cell-dgcr8--;GSM416611-0-NIH3T3;GSM416732-2-MEF;GSM510432-0-GSM510432toGSM510435-Mouse-ovary;GSM51043-0-GSM51043toGSM510439-Mouse-testes;GSM510440-0-GSM510440toGSM510444-Mouse-brain;GSM510445-0-GSM510445toGSM510456_Mouse-Newborn;GSM510457-0-GSM510457toGSM510460_Mouse-Embryo-12.5days;GSM510461-0-GSM510461toGSM510464_Mouse-Embryo-9.5days;GSM510465-0-GSM510465toGSM510468_Mouse-Embryo-7.5days;GSM849855-0-NIH3T3-withoutAGO2IP;GSM849857-0-NIH3T3-AGO2IP;, 5' AGCAGAGTGGCGCAGCGGAAGCGTGCTGGGCCCATAACCCAGAGGTCGATGGATCGAAACCATCCTCTGCTATTGTGGCAACAATGGTACGGCAAGGGCGCCTTTT 3', Start:73 - End:106, TTGTGGCAACAATGGTACGGCAAGGGCGCCTTTT 
1017, drosophila, trf-1, chr2L-9236594-9236521, chr2L.trna29-ThrAGT, SRR029030-0-dcr-2.knockdown;SRR029029-0-dcr-1.knockdown;SRR029028-0-WT;GSM466496-0-r2d2--mutant;GSM466492-0-dcr-2--mutant;GSM466487-0-WT;, 5' GGCGCCGTGGCTTAGTTGGTTAAAGCGCCTGTCTAGTAAACAGGAGATCGTGAGTTCGAATCTCGCCGGGGCCTGGAGGAAGTAACTTTT 3', Start:75 - End:90, GGAGGAAGTAACTTTT 
1017, Xenopus-tropicalis, trf-1, GL176071-6458-6528, GL176071.trna6-GlyTCC, GSM946001-10-Gastrula.VegetalPole;GSM946000-6-Gastrula.AnimalPole;GSM945999-12-Stage18.neurula;GSM945998-0-Stage10.gastrula;GSM945997-0-Stage8.blastula;, 5' GCATTGGTGGTTCAGTGGTCGAATTCTCGCCTTCCACGCGGGAGGCCCGGGTTCGATTCCCGGCCAATGCAAGAGCTGCGTTTT 3', Start:72 - End:84, AGAGCTGCGTTTT 
1017, Zebra_fish_Zv9, trf-1, chr8-27915111-27915182, chr8.trna221-ProTGG, GSM686385-0-1dpf;GSM686381-0-256-cell;GSM686382-4-Sphere1;GSM686383-73-Sphere2;GSM686384-1-Shield;GSM686385-0-1dpf;, 5' GGCTCGTTGGTCTAGGGGTATGATTCTCGCTTTGGGTGCGAGAGGTCCCGGGTTCAAATCCCGGACGAGCCCTCGCTAGCGGCTTGTGTTT 3', Start:73 - End:91, TCGCTAGCGGCTTGTGTTT 
1018, mouse, trf-1, chr2-57034489-57034560, chr2.trna263-AlaCGC, GSM314552-14-Mouse-Embryonic-Stem-cell;GSM314553-33-Mouse-Embryonic-Stem-cell-dcr--;GSM314557-19-Mouse-Embryonic-Stem-cell-dgcr8--;GSM416611-0-NIH3T3;GSM416732-11-MEF;GSM510432-0-GSM510432toGSM510435-Mouse-ovary;GSM51043-0-GSM51043toGSM510439-Mouse-testes;GSM510440-1-GSM510440toGSM510444-Mouse-brain;GSM510445-0-GSM510445toGSM510456_Mouse-Newborn;GSM510457-159-GSM510457toGSM510460_Mouse-Embryo-12.5days;GSM510461-31-GSM510461toGSM510464_Mouse-Embryo-9.5days;GSM510465-102-GSM510465toGSM510468_Mouse-Embryo-7.5days;GSM849855-0-NIH3T3-withoutAGO2IP;GSM849857-0-NIH3T3-AGO2IP;, 5' GCCGAAATAGCTCAGTTGGGAGAGCGTTAGACTGAAGATCTAAAGGTCCCTGGTTCGATCCCGGGTTTCGGCAAGCAGCCGGAATTCTGTTTT 3', Start:74 - End:93, AGCAGCCGGAATTCTGTTTT 
1018, drosophila, trf-1, chr3R-15628412-15628485, chr3R.trna28-ThrAGT, SRR029030-8-dcr-2.knockdown;SRR029029-79-dcr-1.knockdown;SRR029028-23-WT;GSM466496-85-r2d2--mutant;GSM466492-62-dcr-2--mutant;GSM466487-21-WT;, 5' GGCGCCGTGGCTTAGTTGGTTAAAGCGCCTGTCTAGTAAACAGGAGATCGTGAGTTCGAATCTCGCCGGGGCCTGGCGATGATGAATTCCTTTT 3', Start:75 - End:94, GGCGATGATGAATTCCTTTT 
1018, Xenopus-tropicalis, trf-1, GL176071-8819-8889, GL176071.trna9-GlyGCC, GSM946001-118-Gastrula.VegetalPole;GSM946000-92-Gastrula.AnimalPole;GSM945999-42-Stage18.neurula;GSM945998-5-Stage10.gastrula;GSM945997-0-Stage8.blastula;, 5' GCATTGGTGGTTCAGTGGTAGAATTCTCGCCTGCCACGCGGGAGGCCCGGGTTCGATTCCCGGCCAATGCACCCCTCGGCTTTCTTT 3', Start:72 - End:87, CCCCTCGGCTTTCTTT 
1018, Zebra_fish_Zv9, trf-1, chr8-27873725-27873796, chr8.trna99-ProTGG, GSM686385-1-1dpf;GSM686381-0-256-cell;GSM686382-19-Sphere1;GSM686383-64-Sphere2;GSM686384-5-Shield;GSM686385-1-1dpf;, 5' GGCTCGTTGGTCTAGGGGTATGATTCTCGCTTTGGGTGCGAGAGGTCCCGGGTTCAAATCCCGGACGAGCCCTCGCAAGCGGCTTGCGTTT 3', Start:73 - End:91, TCGCAAGCGGCTTGCGTTT 
1019, mouse, trf-1, chr3-19528782-19528870, chr3.trna28-TyrGTA, GSM314552-7-Mouse-Embryonic-Stem-cell;GSM314553-3-Mouse-Embryonic-Stem-cell-dcr--;GSM314557-8-Mouse-Embryonic-Stem-cell-dgcr8--;GSM416611-1-NIH3T3;GSM416732-13-MEF;GSM510432-0-GSM510432toGSM510435-Mouse-ovary;GSM51043-0-GSM51043toGSM510439-Mouse-testes;GSM510440-0-GSM510440toGSM510444-Mouse-brain;GSM510445-1-GSM510445toGSM510456_Mouse-Newborn;GSM510457-1-GSM510457toGSM510460_Mouse-Embryo-12.5days;GSM510461-0-GSM510461toGSM510464_Mouse-Embryo-9.5days;GSM510465-0-GSM510465toGSM510468_Mouse-Embryo-7.5days;GSM849855-0-NIH3T3-withoutAGO2IP;GSM849857-0-NIH3T3-AGO2IP;, 5' GGCTCGTTGGTCTAGGGGTATGATTCTCGCTTCGGGTGCGAGAGGTCCCGGGTTCAAATCCCGGACGAGCCCAAGAGCTTGCTATTTT 3', Start:73 - End:88, AAGAGCTTGCTATTTT 
1019, drosophila, trf-1, chr2R-17068789-17068860, chr2R.trna46-TrpCCA, SRR029030-0-dcr-2.knockdown;SRR029029-0-dcr-1.knockdown;SRR029028-0-WT;GSM466496-63-r2d2--mutant;GSM466492-54-dcr-2--mutant;GSM466487-11-WT;, 5' GACTCCGTGGCGCAACGGTAGCGCGTCCGACTCCAGATCGGAAGGTTGCGTGTTCAAATCACGTCGGGGTCAGGTCAATTTGGTGACTTTT 3', Start:73 - End:91, GGTCAATTTGGTGACTTTT 
1019, Zebra_fish_Zv9, trf-1, chr20-25800970-25801041, chr20.trna99-CysGCA, GSM686385-1-1dpf;GSM686381-0-256-cell;GSM686382-15-Sphere1;GSM686383-35-Sphere2;GSM686384-4-Shield;GSM686385-1-1dpf;, 5' GGGGGTATAGCTCAGTGGTAGAGCATTTGACTGCAGATCAAGAGGTCCCTGGTTCAAATCCGGGTGCCCCCTTTGTCAAGACCTTGGATTT 3', Start:73 - End:91, TTGTCAAGACCTTGGATTT 
1020, human, trf-1, chr6-28949521-28949449, chr6.trna96-PheGAA, GSM380324-32-Germinal-center-Normal-B-cell;GSM380323-7-Naive-Normal-B-cell;GSM380325-20-Plasma-Normal-B-cell;GSM380327-37-Naive-Normal-B-cell;GSM380328-15-GC40-Germinal-Center-Normal-B-cell;GSM497068-138-L1236-Germinal-Center-Malignant-B-cell;GSM380328-15-Germinal-center-Normal-B-cell;GSM380329-4-PC44-Plasma-cell-Normal-B-cell;GSM380329-4-Plasma-Normal-B-cell;GSM416733-506-HEK293;GSM416753-74-HeLa;GSM416754-13-U2OS;GSM416755-49-143B;GSM416756-48-A549;GSM416757-147-H520;GSM416758-18-SW480;GSM416759-20-DLD2;GSM416760-7-MCF7;GSM416761-194-MB-MDA231;GSM497058-756-Germinal-center-Malignant-B-cell;GSM497061-39-Naive-Malignant-B-cell;GSM497062-24-Naive-Malignant-B-cell;GSM497063-444-U266-Malignant-Plasma-cell-B-cell;GSM497063-444-Plasma-Malignant-B-cell;GSM497067-392-Plasma-Malignant-B-cell;GSM497068-138-Germinal-center-Malignant-B-cell;GSM497069-61-Germinal-center-Malignant-B-cell;GSM497076-1485-Plasma-Malignant-B-cell;SRR207111-176-HeLa-WholeCell;SRR207113-0-HeLa-WholeCell-AGO12IP;SRR207116-2-HeLa-Nucleus;, 5' GCCGAAATAGCTCAGTTGGGAGAGCGTTAGACTGAAGATCTAAAGGTCCCTGGTTCGATCCCGGGTTTCGGCAGAGAGCGCTCGGTTTTT 3', Start:74 - End:90, GAGAGCGCTCGGTTTTT 
1020, mouse, trf-1, chr3-90279853-90279782, chr3.trna792-MetCAT, GSM314552-91-Mouse-Embryonic-Stem-cell;GSM314553-79-Mouse-Embryonic-Stem-cell-dcr--;GSM314557-160-Mouse-Embryonic-Stem-cell-dgcr8--;GSM416611-23-NIH3T3;GSM416732-102-MEF;GSM510432-0-GSM510432toGSM510435-Mouse-ovary;GSM51043-1-GSM51043toGSM510439-Mouse-testes;GSM510440-2-GSM510440toGSM510444-Mouse-brain;GSM510445-0-GSM510445toGSM510456_Mouse-Newborn;GSM510457-56-GSM510457toGSM510460_Mouse-Embryo-12.5days;GSM510461-5-GSM510461toGSM510464_Mouse-Embryo-9.5days;GSM510465-30-GSM510465toGSM510468_Mouse-Embryo-7.5days;GSM849855-4-NIH3T3-withoutAGO2IP;GSM849857-0-NIH3T3-AGO2IP;, 5' GTAGTCGTGGCCGAGTGGTTAAGGCGATGGACTAGAAATCCATTGGGGTCTCCCCGCGCAGGTTCGAATCCTGCCGACTACGTCGGAGGCTTTGTTTT 3', Start:83 - End:98, TCGGAGGCTTTGTTTT 
1020, drosophila, trf-1, chr3L-5349443-5349515, chr3L.trna20-ValTAC, SRR029030-30-dcr-2.knockdown;SRR029029-17-dcr-1.knockdown;SRR029028-16-WT;GSM466496-30-r2d2--mutant;GSM466492-103-dcr-2--mutant;GSM466487-13-WT;, 5' GGTTCCATAGTGTAGCGGTTATCACGTCTGCTTTACACGCAGAAGGTCTCCGGTTCGATCCCGGATGGAACCATGTGGTACAATTCGCATGAGCGAATTTT 3', Start:74 - End:101, TGTGGTACAATTCGCATGAGCGAATTTT 
1020, Zebra_fish_Zv9, trf-1, chr20-25859239-25859310, chr20.trna234-PheGAA, GSM686385-1-1dpf;GSM686381-0-256-cell;GSM686382-10-Sphere1;GSM686383-2-Sphere2;GSM686384-0-Shield;GSM686385-1-1dpf;, 5' GGGGGTATAGCTCAGTGGGAGAATATTTGACTGAAGATCAAGAGGTCCCCGGTTCAAATCGGGGTGCCCCCTTTGGTAAGACCTCGGATATTT 3', Start:73 - End:93, TTGGTAAGACCTCGGATATTT 
1021, mouse, trf-1, chr3-96263134-96263061, chr3.trna750-AsnGTT, GSM314552-0-Mouse-Embryonic-Stem-cell;GSM314553-0-Mouse-Embryonic-Stem-cell-dcr--;GSM314557-0-Mouse-Embryonic-Stem-cell-dgcr8--;GSM416611-0-NIH3T3;GSM416732-8-MEF;GSM510432-0-GSM510432toGSM510435-Mouse-ovary;GSM51043-0-GSM51043toGSM510439-Mouse-testes;GSM510440-0-GSM510440toGSM510444-Mouse-brain;GSM510445-0-GSM510445toGSM510456_Mouse-Newborn;GSM510457-0-GSM510457toGSM510460_Mouse-Embryo-12.5days;GSM510461-0-GSM510461toGSM510464_Mouse-Embryo-9.5days;GSM510465-0-GSM510465toGSM510468_Mouse-Embryo-7.5days;GSM849855-0-NIH3T3-withoutAGO2IP;GSM849857-0-NIH3T3-AGO2IP;, 5' GACGAGGTGGCCGAGTGGTTAAGGCGATGGACTGCTAATCCATTGTGCTCTGCACGCGTGGGTTCGAATCCCATCCTCGTCGACAGACAGTTAGGCCTCACCTAGGCTTTT 3', Start:83 - End:111, ACAGACAGTTAGGCCTCACCTAGGCTTTT 
1021, drosophila, trf-1, chr3L-5349834-5349762, chr3L.trna46-ValTAC, SRR029030-0-dcr-2.knockdown;SRR029029-0-dcr-1.knockdown;SRR029028-0-WT;GSM466496-60-r2d2--mutant;GSM466492-88-dcr-2--mutant;GSM466487-13-WT;, 5' GGTTCCATAGTGTAGCGGTTATCACGTCTGCTTTACACGCAGAAGGTCTCCGGTTCGATCCCGGATGGAACCATTCCAATCGGGATGTATCCTTTT 3', Start:74 - End:96, TTCCAATCGGGATGTATCCTTTT 
1021, Zebra_fish_Zv9, trf-1, chr4-56499444-56499515, chr4.trna4128-Undet???, GSM686385-1-1dpf;GSM686381-0-256-cell;GSM686382-2-Sphere1;GSM686383-0-Sphere2;GSM686384-3-Shield;GSM686385-1-1dpf;, 5' GTCTGGATAGCTCAGTCGGTAGAGCATCAGATTTTAATCTGAGGGTCCAGGGTTCAAGTCCCTGTTCGGGTGTGTGACGCTCATTTGTAT 3', Start:73 - End:90, TGTGACGCTCATTTGTAT 
1022, mouse, trf-1, chr3-96267966-96267895, chr3.trna749-HisGTG, GSM314552-0-Mouse-Embryonic-Stem-cell;GSM314553-1-Mouse-Embryonic-Stem-cell-dcr--;GSM314557-1-Mouse-Embryonic-Stem-cell-dgcr8--;GSM416611-0-NIH3T3;GSM416732-0-MEF;GSM510432-0-GSM510432toGSM510435-Mouse-ovary;GSM51043-0-GSM51043toGSM510439-Mouse-testes;GSM510440-0-GSM510440toGSM510444-Mouse-brain;GSM510445-0-GSM510445toGSM510456_Mouse-Newborn;GSM510457-0-GSM510457toGSM510460_Mouse-Embryo-12.5days;GSM510461-0-GSM510461toGSM510464_Mouse-Embryo-9.5days;GSM510465-0-GSM510465toGSM510468_Mouse-Embryo-7.5days;GSM849855-0-NIH3T3-withoutAGO2IP;GSM849857-0-NIH3T3-AGO2IP;, 5' GCAGCGATGGCCGAGTGGTTAAGGCGTTGGACTTGAAATCCAATGGGGTCTCCCCGCGCAGGTTCGAACCCTGCTCGCTGCGCTATCGTCCTTCTGCCCAGCGATCTT 3', Start:83 - End:108, CTATCGTCCTTCTGCCCAGCGATCTT 
1022, Zebra_fish_Zv9, trf-1, chr25-25988710-25988638, chr25.trna173-PheGAA, GSM686385-18-1dpf;GSM686381-9-256-cell;GSM686382-80-Sphere1;GSM686383-70-Sphere2;GSM686384-87-Shield;GSM686385-18-1dpf;, 5' GCCGAAATAGCTCAGTTGGCAGAGCGTTAGACTGAAGATCTAAAGGTCCCTGGTTCAATCCCGGGTTTCGGCAAAGCAGCGTTGACGTTCAGTTT 3', Start:74 - End:95, AAGCAGCGTTGACGTTCAGTTT 
1023, human, trf-1, chr1-161439618-161439547, chr1.trna70-GlyTCC, GSM380324-51-Germinal-center-Normal-B-cell;GSM380323-12-Naive-Normal-B-cell;GSM380325-5-Plasma-Normal-B-cell;GSM380327-93-Naive-Normal-B-cell;GSM380328-46-GC40-Germinal-Center-Normal-B-cell;GSM497068-768-L1236-Germinal-Center-Malignant-B-cell;GSM380328-46-Germinal-center-Normal-B-cell;GSM380329-3-PC44-Plasma-cell-Normal-B-cell;GSM380329-3-Plasma-Normal-B-cell;GSM416733-878-HEK293;GSM416753-27-HeLa;GSM416754-50-U2OS;GSM416755-31-143B;GSM416756-413-A549;GSM416757-284-H520;GSM416758-110-SW480;GSM416759-9-DLD2;GSM416760-43-MCF7;GSM416761-144-MB-MDA231;GSM497058-1697-Germinal-center-Malignant-B-cell;GSM497061-553-Naive-Malignant-B-cell;GSM497062-258-Naive-Malignant-B-cell;GSM497063-5329-U266-Malignant-Plasma-cell-B-cell;GSM497063-5329-Plasma-Malignant-B-cell;GSM497067-2408-Plasma-Malignant-B-cell;GSM497068-768-Germinal-center-Malignant-B-cell;GSM497069-2046-Germinal-center-Malignant-B-cell;GSM497076-8441-Plasma-Malignant-B-cell;SRR207111-381-HeLa-WholeCell;SRR207113-0-HeLa-WholeCell-AGO12IP;SRR207116-38-HeLa-Nucleus;, 5' GCGTTGGTGGTATAGTGGTGAGCATAGCTGCCTTCCAAGCAGTTGACCCGGGTTCGATTCCCGGCCAACGCAGCGGGCGGACCTTTT 3', Start:73 - End:87, GCGGGCGGACCTTTT 
1023, mouse, trf-1, chr4-10801211-10801292, chr4.trna16-SerAGA, GSM314552-15-Mouse-Embryonic-Stem-cell;GSM314553-9-Mouse-Embryonic-Stem-cell-dcr--;GSM314557-15-Mouse-Embryonic-Stem-cell-dgcr8--;GSM416611-79-NIH3T3;GSM416732-114-MEF;GSM510432-0-GSM510432toGSM510435-Mouse-ovary;GSM51043-0-GSM51043toGSM510439-Mouse-testes;GSM510440-0-GSM510440toGSM510444-Mouse-brain;GSM510445-1-GSM510445toGSM510456_Mouse-Newborn;GSM510457-2-GSM510457toGSM510460_Mouse-Embryo-12.5days;GSM510461-0-GSM510461toGSM510464_Mouse-Embryo-9.5days;GSM510465-1-GSM510465toGSM510468_Mouse-Embryo-7.5days;GSM849855-0-NIH3T3-withoutAGO2IP;GSM849857-0-NIH3T3-AGO2IP;, 5' GGCGCGGTGGCCAAGTGGTAAGGCGTCGGTCTCGTAAACCGAAGATCGCGGGTTCGAACCCCGTCCGTGCCTGAAGGGAATGTTTT 3', Start:73 - End:86, GAAGGGAATGTTTT 
1023, Zebra_fish_Zv9, trf-1, chr25-25976539-25976467, chr25.trna177-PheGAA, GSM686385-1-1dpf;GSM686381-1-256-cell;GSM686382-14-Sphere1;GSM686383-10-Sphere2;GSM686384-4-Shield;GSM686385-1-1dpf;, 5' GCCGAAATAGCTCAGTTGGGACAGCGTTAGACTGAAGATCTAAAGGTCCCTGGTTCAATCCCGGGTTTCGGCAAAGCAGCGTTGTCGTTCAGTTT 3', Start:74 - End:95, AAGCAGCGTTGTCGTTCAGTTT 
1024, human, trf-1, chr5-180634755-180634827, chr5.trna9-LysCTT, GSM380324-97-Germinal-center-Normal-B-cell;GSM380323-97-Naive-Normal-B-cell;GSM380325-36-Plasma-Normal-B-cell;GSM380327-562-Naive-Normal-B-cell;GSM380328-64-GC40-Germinal-Center-Normal-B-cell;GSM497068-17550-L1236-Germinal-Center-Malignant-B-cell;GSM380328-64-Germinal-center-Normal-B-cell;GSM380329-20-PC44-Plasma-cell-Normal-B-cell;GSM380329-20-Plasma-Normal-B-cell;GSM416733-484-HEK293;GSM416753-11-HeLa;GSM416754-8-U2OS;GSM416755-119-143B;GSM416756-181-A549;GSM416757-218-H520;GSM416758-103-SW480;GSM416759-33-DLD2;GSM416760-9-MCF7;GSM416761-165-MB-MDA231;GSM497058-7222-Germinal-center-Malignant-B-cell;GSM497061-1514-Naive-Malignant-B-cell;GSM497062-2497-Naive-Malignant-B-cell;GSM497063-6659-U266-Malignant-Plasma-cell-B-cell;GSM497063-6659-Plasma-Malignant-B-cell;GSM497067-9466-Plasma-Malignant-B-cell;GSM497068-17550-Germinal-center-Malignant-B-cell;GSM497069-10315-Germinal-center-Malignant-B-cell;GSM497076-9467-Plasma-Malignant-B-cell;SRR207111-799-HeLa-WholeCell;SRR207113-0-HeLa-WholeCell-AGO12IP;SRR207116-5-HeLa-Nucleus;, 5' GCCCGGCTAGCTCAGTCGGTAGAGCATGAGACTCTTAATCTCAGGGTCGTGGGTTCGAGCCCCACGTTGGGCGGCAACTGGTCGTTTT 3', Start:74 - End:88, GCAACTGGTCGTTTT 
1024, mouse, trf-1, chr5-125889457-125889386, chr5.trna1314-AspGTC, GSM314552-43-Mouse-Embryonic-Stem-cell;GSM314553-21-Mouse-Embryonic-Stem-cell-dcr--;GSM314557-37-Mouse-Embryonic-Stem-cell-dgcr8--;GSM416611-31-NIH3T3;GSM416732-21-MEF;GSM510432-0-GSM510432toGSM510435-Mouse-ovary;GSM51043-0-GSM51043toGSM510439-Mouse-testes;GSM510440-0-GSM510440toGSM510444-Mouse-brain;GSM510445-1-GSM510445toGSM510456_Mouse-Newborn;GSM510457-1-GSM510457toGSM510460_Mouse-Embryo-12.5days;GSM510461-3-GSM510461toGSM510464_Mouse-Embryo-9.5days;GSM510465-1-GSM510465toGSM510468_Mouse-Embryo-7.5days;GSM849855-0-NIH3T3-withoutAGO2IP;GSM849857-0-NIH3T3-AGO2IP;, 5' GGCGCGGTGGCCAAGTGGTAAGGCGTCGGTCTCGTAAACCGAAGATCACGGGTTCGAACCCCGTCCGTGCCTGCTAACAGTGGTTTT 3', Start:73 - End:87, GCTAACAGTGGTTTT 
1024, Zebra_fish_Zv9, trf-1, chr17-10779461-10779543, chr17.trna46-LeuTAA, GSM686385-0-1dpf;GSM686381-0-256-cell;GSM686382-0-Sphere1;GSM686383-0-Sphere2;GSM686384-13-Shield;GSM686385-0-1dpf;, 5' ACCAGGATGGCCGAGTGGTTAAGGCGTTGGACTTAAGATCCAATGGACATATGTCCTCGTGGGTTCGAACCCCACTCCTGGTAGGATGAACTGAGTTTTGT 3', Start:84 - End:101, GGATGAACTGAGTTTTGT 
1025, human, trf-1, chr6-27205423-27205350, chr6.trna154-IleAAT, GSM380324-0-Germinal-center-Normal-B-cell;GSM380323-0-Naive-Normal-B-cell;GSM380325-0-Plasma-Normal-B-cell;GSM380327-0-Naive-Normal-B-cell;GSM380328-0-GC40-Germinal-Center-Normal-B-cell;GSM497068-3-L1236-Germinal-Center-Malignant-B-cell;GSM380328-0-Germinal-center-Normal-B-cell;GSM380329-0-PC44-Plasma-cell-Normal-B-cell;GSM380329-0-Plasma-Normal-B-cell;GSM416733-744-HEK293;GSM416753-59-HeLa;GSM416754-11-U2OS;GSM416755-34-143B;GSM416756-447-A549;GSM416757-62-H520;GSM416758-3-SW480;GSM416759-442-DLD2;GSM416760-46-MCF7;GSM416761-328-MB-MDA231;GSM497058-0-Germinal-center-Malignant-B-cell;GSM497061-0-Naive-Malignant-B-cell;GSM497062-0-Naive-Malignant-B-cell;GSM497063-0-U266-Malignant-Plasma-cell-B-cell;GSM497063-0-Plasma-Malignant-B-cell;GSM497067-0-Plasma-Malignant-B-cell;GSM497068-3-Germinal-center-Malignant-B-cell;GSM497069-4-Germinal-center-Malignant-B-cell;GSM497076-0-Plasma-Malignant-B-cell;SRR207111-72-HeLa-WholeCell;SRR207113-0-HeLa-WholeCell-AGO12IP;SRR207116-3-HeLa-Nucleus;, 5' GGCCGGTTAGCTCAGTTGGTTAGAGCGTGGTGCTAATAACGCCAAGGTCGCGGGTTCGATCCCCGTACGGGCCAGAGGGTTCTCACCTTCTCTCTCCGATTT 3', Start:75 - End:102, GAGGGTTCTCACCTTCTCTCTCCGATTT 
1025, mouse, trf-1, chr13-21947262-21947189, chr13.trna990-IleAAT, GSM314552-17-Mouse-Embryonic-Stem-cell;GSM314553-23-Mouse-Embryonic-Stem-cell-dcr--;GSM314557-25-Mouse-Embryonic-Stem-cell-dgcr8--;GSM416611-3-NIH3T3;GSM416732-14-MEF;GSM510432-0-GSM510432toGSM510435-Mouse-ovary;GSM51043-0-GSM51043toGSM510439-Mouse-testes;GSM510440-0-GSM510440toGSM510444-Mouse-brain;GSM510445-2-GSM510445toGSM510456_Mouse-Newborn;GSM510457-5-GSM510457toGSM510460_Mouse-Embryo-12.5days;GSM510461-5-GSM510461toGSM510464_Mouse-Embryo-9.5days;GSM510465-2-GSM510465toGSM510468_Mouse-Embryo-7.5days;GSM849855-0-NIH3T3-withoutAGO2IP;GSM849857-0-NIH3T3-AGO2IP;, 5' GGGGGTATAGCTCAGTGGTAGAGCATTTGACTGCAGATCAAGAGGTCCCCGGTTCAAATCCGGGTGCCCCCTGTAAACTGCTTAGATTTT 3', Start:73 - End:90, GTAAACTGCTTAGATTTT 
1025, Zebra_fish_Zv9, trf-1, chr3-44207929-44208000, chr3.trna433-ThrCGT, GSM686385-48-1dpf;GSM686381-2-256-cell;GSM686382-1-Sphere1;GSM686383-0-Sphere2;GSM686384-30-Shield;GSM686385-48-1dpf;, 5' GGCGCGGTGGCCAAGTGGTAAGGCGTCGGTCTCGTAAACCGAAGATCGCGGGTTCGAACCCCGTCCGTGCCTTGATCTGGAAAACAATGGTAATTT 3', Start:73 - End:96, TGATCTGGAAAACAATGGTAATTT 
1026, human, trf-1, chr6-27145067-27144994, chr6.trna158-IleAAT, GSM380324-4-Germinal-center-Normal-B-cell;GSM380323-16-Naive-Normal-B-cell;GSM380325-1-Plasma-Normal-B-cell;GSM380327-4-Naive-Normal-B-cell;GSM380328-14-GC40-Germinal-Center-Normal-B-cell;GSM497068-205-L1236-Germinal-Center-Malignant-B-cell;GSM380328-14-Germinal-center-Normal-B-cell;GSM380329-1-PC44-Plasma-cell-Normal-B-cell;GSM380329-1-Plasma-Normal-B-cell;GSM416733-339-HEK293;GSM416753-57-HeLa;GSM416754-7-U2OS;GSM416755-12-143B;GSM416756-96-A549;GSM416757-74-H520;GSM416758-34-SW480;GSM416759-132-DLD2;GSM416760-13-MCF7;GSM416761-127-MB-MDA231;GSM497058-273-Germinal-center-Malignant-B-cell;GSM497061-33-Naive-Malignant-B-cell;GSM497062-37-Naive-Malignant-B-cell;GSM497063-257-U266-Malignant-Plasma-cell-B-cell;GSM497063-257-Plasma-Malignant-B-cell;GSM497067-456-Plasma-Malignant-B-cell;GSM497068-205-Germinal-center-Malignant-B-cell;GSM497069-186-Germinal-center-Malignant-B-cell;GSM497076-593-Plasma-Malignant-B-cell;SRR207111-119-HeLa-WholeCell;SRR207113-0-HeLa-WholeCell-AGO12IP;SRR207116-42-HeLa-Nucleus;, 5' GGCCGGTTAGCTCAGTTGGTTAGAGCGTGGTGCTAATAACGCCAAGGTCGCGGGTTCGATCCCCGTACGGGCCATTCCGTGGGTTTGTTTT 3', Start:75 - End:91, TTCCGTGGGTTTGTTTT 
1026, mouse, trf-1, chr6-47928996-47929067, chr6.trna157-CysGCA, GSM314552-0-Mouse-Embryonic-Stem-cell;GSM314553-0-Mouse-Embryonic-Stem-cell-dcr--;GSM314557-0-Mouse-Embryonic-Stem-cell-dgcr8--;GSM416611-1-NIH3T3;GSM416732-2-MEF;GSM510432-0-GSM510432toGSM510435-Mouse-ovary;GSM51043-0-GSM51043toGSM510439-Mouse-testes;GSM510440-0-GSM510440toGSM510444-Mouse-brain;GSM510445-0-GSM510445toGSM510456_Mouse-Newborn;GSM510457-0-GSM510457toGSM510460_Mouse-Embryo-12.5days;GSM510461-0-GSM510461toGSM510464_Mouse-Embryo-9.5days;GSM510465-0-GSM510465toGSM510468_Mouse-Embryo-7.5days;GSM849855-0-NIH3T3-withoutAGO2IP;GSM849857-0-NIH3T3-AGO2IP;, 5' GGCCCTATAGCTCAGGGGTTAGAGCACTGGTCTTGTAAACCAGGGGTCGCGAGTTCAAATCTCGCTGGGGCCTTACAGGCCCATAGTCGAGGGGCACTCTTTT 3', Start:74 - End:103, TACAGGCCCATAGTCGAGGGGCACTCTTTT 
1026, Zebra_fish_Zv9, trf-1, chr21-29909477-29909396, chr21.trna694-SerTGA, GSM686385-1-1dpf;GSM686381-1-256-cell;GSM686382-0-Sphere1;GSM686383-0-Sphere2;GSM686384-22-Shield;GSM686385-1-1dpf;, 5' GCTGCGATGGCCGAGTGGTTAAGGCGTTGGACTTGAAATCCAATGGGGTCTCCCCGCGCAGGTTCGAACCCTGCTCGCAGCGGAAAAGAGTCGCATTTTG 3', Start:83 - End:100, GAAAAGAGTCGCATTTTG 
1027, human, trf-1, chr6-26313423-26313352, chr6.trna171-MetCAT, GSM380324-1-Germinal-center-Normal-B-cell;GSM380323-0-Naive-Normal-B-cell;GSM380325-1-Plasma-Normal-B-cell;GSM380327-0-Naive-Normal-B-cell;GSM380328-0-GC40-Germinal-Center-Normal-B-cell;GSM497068-55-L1236-Germinal-Center-Malignant-B-cell;GSM380328-0-Germinal-center-Normal-B-cell;GSM380329-0-PC44-Plasma-cell-Normal-B-cell;GSM380329-0-Plasma-Normal-B-cell;GSM416733-709-HEK293;GSM416753-0-HeLa;GSM416754-3-U2OS;GSM416755-38-143B;GSM416756-76-A549;GSM416757-215-H520;GSM416758-21-SW480;GSM416759-144-DLD2;GSM416760-5-MCF7;GSM416761-1-MB-MDA231;GSM497058-131-Germinal-center-Malignant-B-cell;GSM497061-12-Naive-Malignant-B-cell;GSM497062-15-Naive-Malignant-B-cell;GSM497063-1-U266-Malignant-Plasma-cell-B-cell;GSM497063-1-Plasma-Malignant-B-cell;GSM497067-61-Plasma-Malignant-B-cell;GSM497068-55-Germinal-center-Malignant-B-cell;GSM497069-24-Germinal-center-Malignant-B-cell;GSM497076-36-Plasma-Malignant-B-cell;SRR207111-0-HeLa-WholeCell;SRR207113-0-HeLa-WholeCell-AGO12IP;SRR207116-0-HeLa-Nucleus;, 5' AGCAGAGTGGCGCAGCGGAAGCGTGCTGGGCCCATAACCCAGAGGTCGATGGATCGAAACCATCCTCTGCTAATGGCCGCATATATTT 3', Start:73 - End:88, ATGGCCGCATATATTT 
1027, mouse, trf-1, chr9-123438615-123438543, chr9.trna783-ArgACG, GSM314552-6-Mouse-Embryonic-Stem-cell;GSM314553-6-Mouse-Embryonic-Stem-cell-dcr--;GSM314557-10-Mouse-Embryonic-Stem-cell-dgcr8--;GSM416611-5-NIH3T3;GSM416732-12-MEF;GSM510432-0-GSM510432toGSM510435-Mouse-ovary;GSM51043-0-GSM51043toGSM510439-Mouse-testes;GSM510440-0-GSM510440toGSM510444-Mouse-brain;GSM510445-0-GSM510445toGSM510456_Mouse-Newborn;GSM510457-8-GSM510457toGSM510460_Mouse-Embryo-12.5days;GSM510461-0-GSM510461toGSM510464_Mouse-Embryo-9.5days;GSM510465-1-GSM510465toGSM510468_Mouse-Embryo-7.5days;GSM849855-0-NIH3T3-withoutAGO2IP;GSM849857-0-NIH3T3-AGO2IP;, 5' GGTTCCATAGTGTAGCGGTTATCACGTCTGCTTTACACGCAGAAGGTCCTGGGTTCGAGCCCCAGTGGAACCAACGTGTGCGATCTT 3', Start:74 - End:87, ACGTGTGCGATCTT 
1027, Zebra_fish_Zv9, trf-1, chr4-29697492-29697410, chr4.trna8426-LeuTAG, GSM686385-0-1dpf;GSM686381-0-256-cell;GSM686382-2-Sphere1;GSM686383-7-Sphere2;GSM686384-0-Shield;GSM686385-0-1dpf;, 5' GTCAGGATGGCCGAGCGGTCTAAGGCGCTGCGTTTAGGTCGCAGTCTCCCCTGGAGGCGTGGGTTCGAATCCCACTTCTGACAAACCGAGCCTGCGGCAGTGCGCTC 3', Start:84 - End:107, AACCGAGCCTGCGGCAGTGCGCTC 
1028, human, trf-1, chr6-27447453-27447524, chr6.trna45-AspGTC, GSM380324-1-Germinal-center-Normal-B-cell;GSM380323-2-Naive-Normal-B-cell;GSM380325-1-Plasma-Normal-B-cell;GSM380327-0-Naive-Normal-B-cell;GSM380328-0-GC40-Germinal-Center-Normal-B-cell;GSM497068-177-L1236-Germinal-Center-Malignant-B-cell;GSM380328-0-Germinal-center-Normal-B-cell;GSM380329-0-PC44-Plasma-cell-Normal-B-cell;GSM380329-0-Plasma-Normal-B-cell;GSM416733-315-HEK293;GSM416753-7-HeLa;GSM416754-2-U2OS;GSM416755-29-143B;GSM416756-98-A549;GSM416757-59-H520;GSM416758-25-SW480;GSM416759-41-DLD2;GSM416760-8-MCF7;GSM416761-55-MB-MDA231;GSM497058-249-Germinal-center-Malignant-B-cell;GSM497061-38-Naive-Malignant-B-cell;GSM497062-17-Naive-Malignant-B-cell;GSM497063-216-U266-Malignant-Plasma-cell-B-cell;GSM497063-216-Plasma-Malignant-B-cell;GSM497067-338-Plasma-Malignant-B-cell;GSM497068-177-Germinal-center-Malignant-B-cell;GSM497069-165-Germinal-center-Malignant-B-cell;GSM497076-310-Plasma-Malignant-B-cell;SRR207111-29-HeLa-WholeCell;SRR207113-0-HeLa-WholeCell-AGO12IP;SRR207116-0-HeLa-Nucleus;, 5' TCCTCGTTAGTATAGTGGTGAGTATCCCCGCCTGTCACGCGGGAGACCGGGGTTCGATTCCCCGACGGGGAGGAGGCTTAAACTTTT 3', Start:73 - End:87, GAGGCTTAAACTTTT 
1028, mouse, trf-1, chrX-157204042-157204114, chrX.trna459-ValTAC, GSM314552-11-Mouse-Embryonic-Stem-cell;GSM314553-12-Mouse-Embryonic-Stem-cell-dcr--;GSM314557-27-Mouse-Embryonic-Stem-cell-dgcr8--;GSM416611-22-NIH3T3;GSM416732-30-MEF;GSM510432-0-GSM510432toGSM510435-Mouse-ovary;GSM51043-0-GSM51043toGSM510439-Mouse-testes;GSM510440-0-GSM510440toGSM510444-Mouse-brain;GSM510445-0-GSM510445toGSM510456_Mouse-Newborn;GSM510457-0-GSM510457toGSM510460_Mouse-Embryo-12.5days;GSM510461-0-GSM510461toGSM510464_Mouse-Embryo-9.5days;GSM510465-1-GSM510465toGSM510468_Mouse-Embryo-7.5days;GSM849855-0-NIH3T3-withoutAGO2IP;GSM849857-0-NIH3T3-AGO2IP;, 5' GGTTCCATAGTGTAGCGGTTATCACGTCTGCTTTACACGCAGAAGGTCCTGGGTTCGAGCCCCAGTGGAACCATAGCTGCAAAGCCAGCTGACATTTT 3', Start:74 - End:98, TAGCTGCAAAGCCAGCTGACATTTT 
1028, Zebra_fish_Zv9, trf-1, chr2-57000073-57000000, chr2.trna234-ThrAGT, GSM686385-2-1dpf;GSM686381-3-256-cell;GSM686382-6-Sphere1;GSM686383-13-Sphere2;GSM686384-6-Shield;GSM686385-2-1dpf;, 5' GGCGCTGTGGCTTAGTTGGTTAAAGCGCCTGTCTAGTAAACAGGAGATCCTGGGTTCGAATCCCAGCAGTGCCTGTCTGCAGTTGGCTGTGCTTT 3', Start:75 - End:95, GTCTGCAGTTGGCTGTGCTTT 
1029, human, trf-1, chr6-28611222-28611293, chr6.trna66-AlaTGC, GSM380324-0-Germinal-center-Normal-B-cell;GSM380323-0-Naive-Normal-B-cell;GSM380325-0-Plasma-Normal-B-cell;GSM380327-0-Naive-Normal-B-cell;GSM380328-0-GC40-Germinal-Center-Normal-B-cell;GSM497068-43-L1236-Germinal-Center-Malignant-B-cell;GSM380328-0-Germinal-center-Normal-B-cell;GSM380329-0-PC44-Plasma-cell-Normal-B-cell;GSM380329-0-Plasma-Normal-B-cell;GSM416733-316-HEK293;GSM416753-5-HeLa;GSM416754-3-U2OS;GSM416755-12-143B;GSM416756-20-A549;GSM416757-31-H520;GSM416758-0-SW480;GSM416759-32-DLD2;GSM416760-3-MCF7;GSM416761-23-MB-MDA231;GSM497058-5-Germinal-center-Malignant-B-cell;GSM497061-2-Naive-Malignant-B-cell;GSM497062-1-Naive-Malignant-B-cell;GSM497063-21-U266-Malignant-Plasma-cell-B-cell;GSM497063-21-Plasma-Malignant-B-cell;GSM497067-35-Plasma-Malignant-B-cell;GSM497068-43-Germinal-center-Malignant-B-cell;GSM497069-7-Germinal-center-Malignant-B-cell;GSM497076-17-Plasma-Malignant-B-cell;SRR207111-84-HeLa-WholeCell;SRR207113-0-HeLa-WholeCell-AGO12IP;SRR207116-2-HeLa-Nucleus;, 5' GGGGATGTAGCTCAGTGGTAGAGCGCATGCTTTGCATGTATGAGGTCCCGGGTTCGATCCCCGGCATCTCCAATAGGTATTAAGGTTTT 3', Start:73 - End:89, ATAGGTATTAAGGTTTT 
1029, Zebra_fish_Zv9, trf-1, chr2-56991708-56991635, chr2.trna248-ThrAGT, GSM686385-2-1dpf;GSM686381-0-256-cell;GSM686382-7-Sphere1;GSM686383-62-Sphere2;GSM686384-3-Shield;GSM686385-2-1dpf;, 5' GGCGCTGTGGCTTAGTTGGTCAAAGCGCCTGTCTAGTAAACAGGAGATCCTGGGTTCGAATCCCAGCAGTGCCTGTCCGCAGTCGGCTGTGCTTT 3', Start:75 - End:95, GTCCGCAGTCGGCTGTGCTTT 
1030, human, trf-1, chr8-96281966-96281885, chr8.trna11-SerAGA, GSM380324-0-Germinal-center-Normal-B-cell;GSM380323-0-Naive-Normal-B-cell;GSM380325-0-Plasma-Normal-B-cell;GSM380327-0-Naive-Normal-B-cell;GSM380328-0-GC40-Germinal-Center-Normal-B-cell;GSM497068-9-L1236-Germinal-Center-Malignant-B-cell;GSM380328-0-Germinal-center-Normal-B-cell;GSM380329-0-PC44-Plasma-cell-Normal-B-cell;GSM380329-0-Plasma-Normal-B-cell;GSM416733-225-HEK293;GSM416753-11-HeLa;GSM416754-5-U2OS;GSM416755-43-143B;GSM416756-46-A549;GSM416757-128-H520;GSM416758-22-SW480;GSM416759-46-DLD2;GSM416760-8-MCF7;GSM416761-61-MB-MDA231;GSM497058-33-Germinal-center-Malignant-B-cell;GSM497061-3-Naive-Malignant-B-cell;GSM497062-3-Naive-Malignant-B-cell;GSM497063-13-U266-Malignant-Plasma-cell-B-cell;GSM497063-13-Plasma-Malignant-B-cell;GSM497067-24-Plasma-Malignant-B-cell;GSM497068-9-Germinal-center-Malignant-B-cell;GSM497069-12-Germinal-center-Malignant-B-cell;GSM497076-20-Plasma-Malignant-B-cell;SRR207111-19-HeLa-WholeCell;SRR207113-0-HeLa-WholeCell-AGO12IP;SRR207116-1-HeLa-Nucleus;, 5' GTAGTCGTGGCCGAGTGGTTAAGGCGATGGACTAGAAATCCATTGGGGTCTCCCCGCGCAGGTTCGAATCCTGCCGACTACGGGAATGTCAGCTTTT 3', Start:83 - End:97, GGAATGTCAGCTTTT 
1030, Zebra_fish_Zv9, trf-1, chr8-24511094-24511165, chr8.trna71-HisGTG, GSM686385-51-1dpf;GSM686381-7-256-cell;GSM686382-1-Sphere1;GSM686383-0-Sphere2;GSM686384-5-Shield;GSM686385-51-1dpf;, 5' GCCGTGATCGTATAGTGGTTAGTACTCTGCGTTGTGGCCGCAGCAACCCCGGTTCGAATCCGGGTCACGGCAAATATACAGAGCAAAGCATTCGTTT 3', Start:73 - End:97, AATATACAGAGCAAAGCATTCGTTT 
1031, human, trf-1, chr8-67025602-67025694, chr8.trna4-TyrGTA, GSM380324-10-Germinal-center-Normal-B-cell;GSM380323-6-Naive-Normal-B-cell;GSM380325-8-Plasma-Normal-B-cell;GSM380327-63-Naive-Normal-B-cell;GSM380328-0-GC40-Germinal-Center-Normal-B-cell;GSM497068-75-L1236-Germinal-Center-Malignant-B-cell;GSM380328-0-Germinal-center-Normal-B-cell;GSM380329-0-PC44-Plasma-cell-Normal-B-cell;GSM380329-0-Plasma-Normal-B-cell;GSM416733-273-HEK293;GSM416753-9-HeLa;GSM416754-26-U2OS;GSM416755-27-143B;GSM416756-12-A549;GSM416757-48-H520;GSM416758-12-SW480;GSM416759-3-DLD2;GSM416760-9-MCF7;GSM416761-75-MB-MDA231;GSM497058-1061-Germinal-center-Malignant-B-cell;GSM497061-12-Naive-Malignant-B-cell;GSM497062-54-Naive-Malignant-B-cell;GSM497063-2807-U266-Malignant-Plasma-cell-B-cell;GSM497063-2807-Plasma-Malignant-B-cell;GSM497067-79-Plasma-Malignant-B-cell;GSM497068-75-Germinal-center-Malignant-B-cell;GSM497069-0-Germinal-center-Malignant-B-cell;GSM497076-55-Plasma-Malignant-B-cell;SRR207111-471-HeLa-WholeCell;SRR207113-0-HeLa-WholeCell-AGO12IP;SRR207116-0-HeLa-Nucleus;, 5' CCTTCGATAGCTCAGCTGGTAGAGCGGAGGACTGTAGCTACTTCCTCAGCAGGAGACATCCTTAGGTCGCTGGTTCGATTCCGGCTCGAAGGAACAAGTGCGGTTTTTT 3', Start:94 - End:109, ACAAGTGCGGTTTTTT 
1031, Zebra_fish_Zv9, trf-1, chr4-33193109-33193179, chr4.trna676-Undet???, GSM686385-0-1dpf;GSM686381-0-256-cell;GSM686382-0-Sphere1;GSM686383-0-Sphere2;GSM686384-0-Shield;GSM686385-0-1dpf;, 5' TCCCATATGGTCTAGCGGTTAGGATTCCTGTTTTCACCCAGGCGGCCCGGGTTCGACTCCCGGTATGGGAAGCTTGAGTGCTTTCGCTTT 3', Start:72 - End:90, GCTTGAGTGCTTTCGCTTT 
1032, human, trf-1, chr11-59319228-59319310, chr11.trna4-LeuTAA, GSM380324-2-Germinal-center-Normal-B-cell;GSM380323-3-Naive-Normal-B-cell;GSM380325-1-Plasma-Normal-B-cell;GSM380327-29-Naive-Normal-B-cell;GSM380328-2-GC40-Germinal-Center-Normal-B-cell;GSM497068-625-L1236-Germinal-Center-Malignant-B-cell;GSM380328-2-Germinal-center-Normal-B-cell;GSM380329-0-PC44-Plasma-cell-Normal-B-cell;GSM380329-0-Plasma-Normal-B-cell;GSM416733-2341-HEK293;GSM416753-95-HeLa;GSM416754-41-U2OS;GSM416755-58-143B;GSM416756-123-A549;GSM416757-170-H520;GSM416758-12-SW480;GSM416759-72-DLD2;GSM416760-15-MCF7;GSM416761-240-MB-MDA231;GSM497058-507-Germinal-center-Malignant-B-cell;GSM497061-88-Naive-Malignant-B-cell;GSM497062-70-Naive-Malignant-B-cell;GSM497063-392-U266-Malignant-Plasma-cell-B-cell;GSM497063-392-Plasma-Malignant-B-cell;GSM497067-931-Plasma-Malignant-B-cell;GSM497068-625-Germinal-center-Malignant-B-cell;GSM497069-283-Germinal-center-Malignant-B-cell;GSM497076-218-Plasma-Malignant-B-cell;SRR207111-362-HeLa-WholeCell;SRR207113-0-HeLa-WholeCell-AGO12IP;SRR207116-5-HeLa-Nucleus;, 5' ACCAGAATGGCCGAGTGGTTAAGGCGTTGGACTTAAGATCCAATGGATTCATATCCGCGTGGGTTCGAACCCCACTTCTGGTAAAGAGGAGTTGTTTT 3', Start:84 - End:98, AAGAGGAGTTGTTTT 
1032, Zebra_fish_Zv9, trf-1, chr6-21590688-21590616, chr6.trna394-ArgCCG, GSM686385-28-1dpf;GSM686381-2-256-cell;GSM686382-1-Sphere1;GSM686383-0-Sphere2;GSM686384-6-Shield;GSM686385-28-1dpf;, 5' GACCCAGTGGCCTAATGGATAAGGCATCAGCCTCCGGAGCTGGGGATTGTGGGTTCGAGTCCCATCTGGGTCGGTTTCTTATCCTGTGATTT 3', Start:74 - End:92, GTTTCTTATCCTGTGATTT 
1033, human, trf-1, chr14-23398910-23398982, chr14.trna7-ArgACG, GSM380324-0-Germinal-center-Normal-B-cell;GSM380323-0-Naive-Normal-B-cell;GSM380325-0-Plasma-Normal-B-cell;GSM380327-0-Naive-Normal-B-cell;GSM380328-0-GC40-Germinal-Center-Normal-B-cell;GSM497068-0-L1236-Germinal-Center-Malignant-B-cell;GSM380328-0-Germinal-center-Normal-B-cell;GSM380329-0-PC44-Plasma-cell-Normal-B-cell;GSM380329-0-Plasma-Normal-B-cell;GSM416733-41-HEK293;GSM416753-0-HeLa;GSM416754-0-U2OS;GSM416755-0-143B;GSM416756-2-A549;GSM416757-0-H520;GSM416758-1-SW480;GSM416759-30-DLD2;GSM416760-0-MCF7;GSM416761-28-MB-MDA231;GSM497058-0-Germinal-center-Malignant-B-cell;GSM497061-0-Naive-Malignant-B-cell;GSM497062-0-Naive-Malignant-B-cell;GSM497063-0-U266-Malignant-Plasma-cell-B-cell;GSM497063-0-Plasma-Malignant-B-cell;GSM497067-0-Plasma-Malignant-B-cell;GSM497068-0-Germinal-center-Malignant-B-cell;GSM497069-0-Germinal-center-Malignant-B-cell;GSM497076-0-Plasma-Malignant-B-cell;SRR207111-0-HeLa-WholeCell;SRR207113-0-HeLa-WholeCell-AGO12IP;SRR207116-0-HeLa-Nucleus;, 5' GGGCCAGTGGCGCAATGGATAACGCGTCTGACTACGGATCAGAAGATTCCAGGTTCGACTCCTGGCTGGCTCGGTGGGGTGCCTCACAGCTTCGCTGCGTGAGCATTTT 3', Start:74 - End:109, GTGGGGTGCCTCACAGCTTCGCTGCGTGAGCATTTT 
1033, Zebra_fish_Zv9, trf-1, chr3-39070929-39071001, chr3.trna411-PheGAA, GSM686385-2-1dpf;GSM686381-2-256-cell;GSM686382-7-Sphere1;GSM686383-4-Sphere2;GSM686384-10-Shield;GSM686385-2-1dpf;, 5' GCCGAAATAGCTCAGTTGGGAGAGCGTTAGACTGAAGATCTAAAGGTCCCTGGTTCGATCCCGGGTTTCGGCAAAGCAGTGTGGTAGTTCTGTT 3', Start:74 - End:94, AAGCAGTGTGGTAGTTCTGTT 
1034, human, trf-1, chr15-89878304-89878376, chr15.trna4-ArgTCG, GSM380324-9-Germinal-center-Normal-B-cell;GSM380323-10-Naive-Normal-B-cell;GSM380325-5-Plasma-Normal-B-cell;GSM380327-0-Naive-Normal-B-cell;GSM380328-14-GC40-Germinal-Center-Normal-B-cell;GSM497068-99-L1236-Germinal-Center-Malignant-B-cell;GSM380328-14-Germinal-center-Normal-B-cell;GSM380329-6-PC44-Plasma-cell-Normal-B-cell;GSM380329-6-Plasma-Normal-B-cell;GSM416733-462-HEK293;GSM416753-121-HeLa;GSM416754-0-U2OS;GSM416755-12-143B;GSM416756-13-A549;GSM416757-13-H520;GSM416758-16-SW480;GSM416759-23-DLD2;GSM416760-0-MCF7;GSM416761-80-MB-MDA231;GSM497058-120-Germinal-center-Malignant-B-cell;GSM497061-7-Naive-Malignant-B-cell;GSM497062-11-Naive-Malignant-B-cell;GSM497063-59-U266-Malignant-Plasma-cell-B-cell;GSM497063-59-Plasma-Malignant-B-cell;GSM497067-272-Plasma-Malignant-B-cell;GSM497068-99-Germinal-center-Malignant-B-cell;GSM497069-7-Germinal-center-Malignant-B-cell;GSM497076-28-Plasma-Malignant-B-cell;SRR207111-195-HeLa-WholeCell;SRR207113-0-HeLa-WholeCell-AGO12IP;SRR207116-4-HeLa-Nucleus;, 5' GGCCGCGTGGCCTAATGGATAAGGCGTCTGACTTCGGATCAGAAGATTGCAGGTTCGAGTCCTGCCGCGGTCGAGGGAGGTTATGATTAACTTTT 3', Start:74 - End:95, AGGGAGGTTATGATTAACTTTT 
1034, mouse, trf-1, chr7-86611305-86611377, chr7.trna387-ArgTCG, GSM314552-17-Mouse-Embryonic-Stem-cell;GSM314553-16-Mouse-Embryonic-Stem-cell-dcr--;GSM314557-18-Mouse-Embryonic-Stem-cell-dgcr8--;GSM416611-5-NIH3T3;GSM416732-17-MEF;GSM510432-0-GSM510432toGSM510435-Mouse-ovary;GSM51043-0-GSM51043toGSM510439-Mouse-testes;GSM510440-0-GSM510440toGSM510444-Mouse-brain;GSM510445-0-GSM510445toGSM510456_Mouse-Newborn;GSM510457-1-GSM510457toGSM510460_Mouse-Embryo-12.5days;GSM510461-0-GSM510461toGSM510464_Mouse-Embryo-9.5days;GSM510465-0-GSM510465toGSM510468_Mouse-Embryo-7.5days;GSM849855-0-NIH3T3-withoutAGO2IP;GSM849857-0-NIH3T3-AGO2IP;, 5' CCTTCGATAGCTCAGCTGGTAGAGCGGAGGACTGTAGGCTTGTGGCTGTGGACATCCTTAGGTCGCTGGTTCGATTCCGGCTCGAAGGAACTTGTATGTTGTTTT 3', Start:90 - End:105, ACTTGTATGTTGTTTT 
1034, Zebra_fish_Zv9, trf-1, chr3-39072816-39072888, chr3.trna415-PheGAA, GSM686385-6-1dpf;GSM686381-7-256-cell;GSM686382-45-Sphere1;GSM686383-75-Sphere2;GSM686384-4-Shield;GSM686385-6-1dpf;, 5' GCCGAAATAGCTCAGTTGGGAGAGCGTTAGACTGAAGATCTAAAGGTCCCTGGTTCGATCCCGGGTTTCGGCAAAGCAGTGTGGGTGTTCTGTTT 3', Start:74 - End:95, AAGCAGTGTGGGTGTTCTGTTT 
1035, human, trf-1, chr16-14379750-14379821, chr16.trna15-ThrCGT, GSM380324-0-Germinal-center-Normal-B-cell;GSM380323-0-Naive-Normal-B-cell;GSM380325-0-Plasma-Normal-B-cell;GSM380327-0-Naive-Normal-B-cell;GSM380328-0-GC40-Germinal-Center-Normal-B-cell;GSM497068-0-L1236-Germinal-Center-Malignant-B-cell;GSM380328-0-Germinal-center-Normal-B-cell;GSM380329-0-PC44-Plasma-cell-Normal-B-cell;GSM380329-0-Plasma-Normal-B-cell;GSM416733-294-HEK293;GSM416753-424-HeLa;GSM416754-86-U2OS;GSM416755-0-143B;GSM416756-0-A549;GSM416757-0-H520;GSM416758-0-SW480;GSM416759-47-DLD2;GSM416760-0-MCF7;GSM416761-625-MB-MDA231;GSM497058-0-Germinal-center-Malignant-B-cell;GSM497061-0-Naive-Malignant-B-cell;GSM497062-0-Naive-Malignant-B-cell;GSM497063-0-U266-Malignant-Plasma-cell-B-cell;GSM497063-0-Plasma-Malignant-B-cell;GSM497067-0-Plasma-Malignant-B-cell;GSM497068-0-Germinal-center-Malignant-B-cell;GSM497069-0-Germinal-center-Malignant-B-cell;GSM497076-0-Plasma-Malignant-B-cell;SRR207111-0-HeLa-WholeCell;SRR207113-0-HeLa-WholeCell-AGO12IP;SRR207116-0-HeLa-Nucleus;, 5' GGCGCGGTGGCCAAGTGGTAAGGCGTCGGTCTCGTAAACCGAAGATCACGGGTTCGAACCCCGTCCGTGCCTGATATCCAACCTTCGGCTATAGGGTGGAGACTTTTT 3', Start:73 - End:108, GATATCCAACCTTCGGCTATAGGGTGGAGACTTTTT 
1035, mouse, trf-1, chr16-13437416-13437487, chr16.trna50-ThrCGT, GSM314552-0-Mouse-Embryonic-Stem-cell;GSM314553-0-Mouse-Embryonic-Stem-cell-dcr--;GSM314557-0-Mouse-Embryonic-Stem-cell-dgcr8--;GSM416611-39-NIH3T3;GSM416732-8-MEF;GSM510432-0-GSM510432toGSM510435-Mouse-ovary;GSM51043-0-GSM51043toGSM510439-Mouse-testes;GSM510440-0-GSM510440toGSM510444-Mouse-brain;GSM510445-0-GSM510445toGSM510456_Mouse-Newborn;GSM510457-0-GSM510457toGSM510460_Mouse-Embryo-12.5days;GSM510461-0-GSM510461toGSM510464_Mouse-Embryo-9.5days;GSM510465-0-GSM510465toGSM510468_Mouse-Embryo-7.5days;GSM849855-2-NIH3T3-withoutAGO2IP;GSM849857-0-NIH3T3-AGO2IP;, 5' GGACCAGTGGTGCAATGGATAACACGTCTGACTATGGATCAGAAGATTCTAGGTTCGACTCCTGTCTGGCTCGGCCCTCTTTCCGTGTGGATTTAAGAATTTT 3', Start:74 - End:103, GCCCTCTTTCCGTGTGGATTTAAGAATTTT 
1035, Zebra_fish_Zv9, trf-1, chr7-42450057-42449986, chr7.trna455-TrpCCA, GSM686385-0-1dpf;GSM686381-2-256-cell;GSM686382-10-Sphere1;GSM686383-2-Sphere2;GSM686384-8-Shield;GSM686385-0-1dpf;, 5' GACCTTGTGGCGCAACGGTAGCGCGTCTGACTCCAGATCAGAAGGTTGCGTGTTCAAATCACGTCAGGGTCAAGGTGCTAAGCTTGGCCTGATTT 3', Start:73 - End:95, AGGTGCTAAGCTTGGCCTGATTT 
1036, human, trf-1, chr16-22308461-22308542, chr16.trna16-LeuAAG, GSM380324-0-Germinal-center-Normal-B-cell;GSM380323-0-Naive-Normal-B-cell;GSM380325-1-Plasma-Normal-B-cell;GSM380327-0-Naive-Normal-B-cell;GSM380328-0-GC40-Germinal-Center-Normal-B-cell;GSM497068-12-L1236-Germinal-Center-Malignant-B-cell;GSM380328-0-Germinal-center-Normal-B-cell;GSM380329-0-PC44-Plasma-cell-Normal-B-cell;GSM380329-0-Plasma-Normal-B-cell;GSM416733-254-HEK293;GSM416753-17-HeLa;GSM416754-17-U2OS;GSM416755-58-143B;GSM416756-89-A549;GSM416757-144-H520;GSM416758-58-SW480;GSM416759-33-DLD2;GSM416760-48-MCF7;GSM416761-93-MB-MDA231;GSM497058-36-Germinal-center-Malignant-B-cell;GSM497061-3-Naive-Malignant-B-cell;GSM497062-2-Naive-Malignant-B-cell;GSM497063-14-U266-Malignant-Plasma-cell-B-cell;GSM497063-14-Plasma-Malignant-B-cell;GSM497067-35-Plasma-Malignant-B-cell;GSM497068-12-Germinal-center-Malignant-B-cell;GSM497069-14-Germinal-center-Malignant-B-cell;GSM497076-22-Plasma-Malignant-B-cell;SRR207111-2-HeLa-WholeCell;SRR207113-0-HeLa-WholeCell-AGO12IP;SRR207116-2-HeLa-Nucleus;, 5' GGTAGCGTGGCCGAGCGGTCTAAGGCGCTGGATTAAGGCTCCAGTCTCTTCGGGGGCGTGGGTTCGAATCCCACCGCTGCCAGGGTTGCTGTCTTTT 3', Start:83 - End:97, GGGTTGCTGTCTTTT 
1036, Zebra_fish_Zv9, trf-1, chr8-32502668-32502596, chr8.trna878-ValTAC, GSM686385-0-1dpf;GSM686381-2-256-cell;GSM686382-10-Sphere1;GSM686383-29-Sphere2;GSM686384-2-Shield;GSM686385-0-1dpf;, 5' GTTTCCGTAGTGTAGTGGTTATCACGTTTGCTTTACACGCAAAAGGTCCCCTGTTCGAAACTGGGCGGAAACATACGTTAGGCAGACACTTT 3', Start:74 - End:92, TACGTTAGGCAGACACTTT 
1037, human, trf-1, chr16-22207113-22207032, chr16.trna27-LeuTAG, GSM380324-42-Germinal-center-Normal-B-cell;GSM380323-17-Naive-Normal-B-cell;GSM380325-21-Plasma-Normal-B-cell;GSM380327-18-Naive-Normal-B-cell;GSM380328-35-GC40-Germinal-Center-Normal-B-cell;GSM497068-282-L1236-Germinal-Center-Malignant-B-cell;GSM380328-35-Germinal-center-Normal-B-cell;GSM380329-11-PC44-Plasma-cell-Normal-B-cell;GSM380329-11-Plasma-Normal-B-cell;GSM416733-3117-HEK293;GSM416753-438-HeLa;GSM416754-77-U2OS;GSM416755-1028-143B;GSM416756-306-A549;GSM416757-1438-H520;GSM416758-472-SW480;GSM416759-890-DLD2;GSM416760-192-MCF7;GSM416761-1362-MB-MDA231;GSM497058-409-Germinal-center-Malignant-B-cell;GSM497061-76-Naive-Malignant-B-cell;GSM497062-107-Naive-Malignant-B-cell;GSM497063-194-U266-Malignant-Plasma-cell-B-cell;GSM497063-194-Plasma-Malignant-B-cell;GSM497067-681-Plasma-Malignant-B-cell;GSM497068-282-Germinal-center-Malignant-B-cell;GSM497069-399-Germinal-center-Malignant-B-cell;GSM497076-338-Plasma-Malignant-B-cell;SRR207111-294-HeLa-WholeCell;SRR207113-0-HeLa-WholeCell-AGO12IP;SRR207116-19-HeLa-Nucleus;, 5' GGTAGCGTGGCCGAGTGGTCTAAGGCGCTGGATTTAGGCTCCAGTCATTTCGATGGCGTGGGTTCGAATCCCACCGCTGCCAACCTCAGAAGGTCTCACTTT 3', Start:83 - End:102, ACCTCAGAAGGTCTCACTTT 
1038, human, trf-1, chr17-73030001-73030073, chr17.trna18-ArgCCT, GSM380324-1-Germinal-center-Normal-B-cell;GSM380323-0-Naive-Normal-B-cell;GSM380325-0-Plasma-Normal-B-cell;GSM380327-10-Naive-Normal-B-cell;GSM380328-0-GC40-Germinal-Center-Normal-B-cell;GSM497068-83-L1236-Germinal-Center-Malignant-B-cell;GSM380328-0-Germinal-center-Normal-B-cell;GSM380329-0-PC44-Plasma-cell-Normal-B-cell;GSM380329-0-Plasma-Normal-B-cell;GSM416733-874-HEK293;GSM416753-115-HeLa;GSM416754-12-U2OS;GSM416755-47-143B;GSM416756-23-A549;GSM416757-87-H520;GSM416758-42-SW480;GSM416759-17-DLD2;GSM416760-5-MCF7;GSM416761-70-MB-MDA231;GSM497058-34-Germinal-center-Malignant-B-cell;GSM497061-5-Naive-Malignant-B-cell;GSM497062-9-Naive-Malignant-B-cell;GSM497063-5-U266-Malignant-Plasma-cell-B-cell;GSM497063-5-Plasma-Malignant-B-cell;GSM497067-210-Plasma-Malignant-B-cell;GSM497068-83-Germinal-center-Malignant-B-cell;GSM497069-41-Germinal-center-Malignant-B-cell;GSM497076-13-Plasma-Malignant-B-cell;SRR207111-28-HeLa-WholeCell;SRR207113-0-HeLa-WholeCell-AGO12IP;SRR207116-1-HeLa-Nucleus;, 5' GCCCCAGTGGCCTAATGGATAAGGCACTGGCCTCCTAAGCCAGGGATTGTGGGTTCGAGTCCCACCTGGGGTAAGGTGAAAGTTCCTTT 3', Start:74 - End:89, AGGTGAAAGTTCCTTT 
1039, human, trf-1, chr17-73030598-73030526, chr17.trna21-ArgCCT, GSM380324-0-Germinal-center-Normal-B-cell;GSM380323-0-Naive-Normal-B-cell;GSM380325-0-Plasma-Normal-B-cell;GSM380327-0-Naive-Normal-B-cell;GSM380328-2-GC40-Germinal-Center-Normal-B-cell;GSM497068-0-L1236-Germinal-Center-Malignant-B-cell;GSM380328-2-Germinal-center-Normal-B-cell;GSM380329-0-PC44-Plasma-cell-Normal-B-cell;GSM380329-0-Plasma-Normal-B-cell;GSM416733-124-HEK293;GSM416753-20-HeLa;GSM416754-10-U2OS;GSM416755-9-143B;GSM416756-56-A549;GSM416757-64-H520;GSM416758-18-SW480;GSM416759-36-DLD2;GSM416760-7-MCF7;GSM416761-72-MB-MDA231;GSM497058-23-Germinal-center-Malignant-B-cell;GSM497061-0-Naive-Malignant-B-cell;GSM497062-0-Naive-Malignant-B-cell;GSM497063-0-U266-Malignant-Plasma-cell-B-cell;GSM497063-0-Plasma-Malignant-B-cell;GSM497067-0-Plasma-Malignant-B-cell;GSM497068-0-Germinal-center-Malignant-B-cell;GSM497069-0-Germinal-center-Malignant-B-cell;GSM497076-0-Plasma-Malignant-B-cell;SRR207111-0-HeLa-WholeCell;SRR207113-0-HeLa-WholeCell-AGO12IP;SRR207116-0-HeLa-Nucleus;, 5' GCCCCAGTGGCCTAATGGATAAGGCACTGGCCTCCTAAGCCAGGGATTGTGGGTTCGAGTCCCACCTGGGGTGTCGAGAGGGGCTGTGCTCGCAAGGTTTCTTT 3', Start:74 - End:104, TCGAGAGGGGCTGTGCTCGCAAGGTTTCTTT 
1040, human, trf-1, chr17-8130382-8130309, chr17.trna34-IleAAT, GSM380324-57-Germinal-center-Normal-B-cell;GSM380323-16-Naive-Normal-B-cell;GSM380325-27-Plasma-Normal-B-cell;GSM380327-32-Naive-Normal-B-cell;GSM380328-16-GC40-Germinal-Center-Normal-B-cell;GSM497068-139-L1236-Germinal-Center-Malignant-B-cell;GSM380328-16-Germinal-center-Normal-B-cell;GSM380329-2-PC44-Plasma-cell-Normal-B-cell;GSM380329-2-Plasma-Normal-B-cell;GSM416733-342-HEK293;GSM416753-2-HeLa;GSM416754-8-U2OS;GSM416755-72-143B;GSM416756-83-A549;GSM416757-194-H520;GSM416758-35-SW480;GSM416759-64-DLD2;GSM416760-15-MCF7;GSM416761-68-MB-MDA231;GSM497058-1-Germinal-center-Malignant-B-cell;GSM497061-55-Naive-Malignant-B-cell;GSM497062-47-Naive-Malignant-B-cell;GSM497063-41-U266-Malignant-Plasma-cell-B-cell;GSM497063-41-Plasma-Malignant-B-cell;GSM497067-20-Plasma-Malignant-B-cell;GSM497068-139-Germinal-center-Malignant-B-cell;GSM497069-101-Germinal-center-Malignant-B-cell;GSM497076-17-Plasma-Malignant-B-cell;SRR207111-55-HeLa-WholeCell;SRR207113-0-HeLa-WholeCell-AGO12IP;SRR207116-1-HeLa-Nucleus;, 5' GGCCGGTTAGCTCAGTTGGTTAGAGCGTGGTGCTAATAACGCCAAGGTCGCGGGTTCGAACCCCGTACGGGCCAGTGGGTGGCTTTTTT 3', Start:75 - End:89, GTGGGTGGCTTTTTT 
1041, human, trf-1, chr19-4724082-4724153, chr19.trna2-GlyTCC, GSM380324-25-Germinal-center-Normal-B-cell;GSM380323-17-Naive-Normal-B-cell;GSM380325-4-Plasma-Normal-B-cell;GSM380327-28-Naive-Normal-B-cell;GSM380328-6-GC40-Germinal-Center-Normal-B-cell;GSM497068-467-L1236-Germinal-Center-Malignant-B-cell;GSM380328-6-Germinal-center-Normal-B-cell;GSM380329-0-PC44-Plasma-cell-Normal-B-cell;GSM380329-0-Plasma-Normal-B-cell;GSM416733-0-HEK293;GSM416753-0-HeLa;GSM416754-10-U2OS;GSM416755-182-143B;GSM416756-0-A549;GSM416757-187-H520;GSM416758-90-SW480;GSM416759-18-DLD2;GSM416760-9-MCF7;GSM416761-31-MB-MDA231;GSM497058-985-Germinal-center-Malignant-B-cell;GSM497061-105-Naive-Malignant-B-cell;GSM497062-151-Naive-Malignant-B-cell;GSM497063-397-U266-Malignant-Plasma-cell-B-cell;GSM497063-397-Plasma-Malignant-B-cell;GSM497067-0-Plasma-Malignant-B-cell;GSM497068-467-Germinal-center-Malignant-B-cell;GSM497069-342-Germinal-center-Malignant-B-cell;GSM497076-0-Plasma-Malignant-B-cell;SRR207111-0-HeLa-WholeCell;SRR207113-0-HeLa-WholeCell-AGO12IP;SRR207116-0-HeLa-Nucleus;, 5' GCGTTGGTGGTATAGTGGTTAGCATAGCTGCCTTCCAAGCAGTTGACCCGGGTTCGATTCCCGGCCAACGCATGCGGTACCACTTTT 3', Start:73 - End:87, TGCGGTACCACTTTT 
1042, human, trf-1, chr19-33667963-33668036, chr19.trna4-ThrAGT, GSM380324-0-Germinal-center-Normal-B-cell;GSM380323-0-Naive-Normal-B-cell;GSM380325-0-Plasma-Normal-B-cell;GSM380327-0-Naive-Normal-B-cell;GSM380328-2-GC40-Germinal-Center-Normal-B-cell;GSM497068-0-L1236-Germinal-Center-Malignant-B-cell;GSM380328-2-Germinal-center-Normal-B-cell;GSM380329-1-PC44-Plasma-cell-Normal-B-cell;GSM380329-1-Plasma-Normal-B-cell;GSM416733-143-HEK293;GSM416753-98-HeLa;GSM416754-12-U2OS;GSM416755-55-143B;GSM416756-101-A549;GSM416757-105-H520;GSM416758-99-SW480;GSM416759-206-DLD2;GSM416760-25-MCF7;GSM416761-50-MB-MDA231;GSM497058-5-Germinal-center-Malignant-B-cell;GSM497061-1-Naive-Malignant-B-cell;GSM497062-3-Naive-Malignant-B-cell;GSM497063-1-U266-Malignant-Plasma-cell-B-cell;GSM497063-1-Plasma-Malignant-B-cell;GSM497067-2-Plasma-Malignant-B-cell;GSM497068-0-Germinal-center-Malignant-B-cell;GSM497069-3-Germinal-center-Malignant-B-cell;GSM497076-0-Plasma-Malignant-B-cell;SRR207111-3-HeLa-WholeCell;SRR207113-0-HeLa-WholeCell-AGO12IP;SRR207116-20-HeLa-Nucleus;, 5' GGCGCCGTGGCTTAGTTGGTTAAAGCGCCTGTCTAGTAAACAGGAGATCCTGGGTTCGAATCCCAGCGGTGCCTAACCGAGCGTCCAAGCTCTTTCCATTTT 3', Start:75 - End:102, AACCGAGCGTCCAAGCTCTTTCCATTTT 
